ID,Harga
CAD2410465,
CAD2410466,
CAD2410467,
CAD2410468,
CAD2410469,
CAD2410470,
CAD2410471,
CAD2410472,
CAD2410473,
CAD2410474,
CAD2410475,
CAD2410476,
CAD2410477,
CAD2410478,
CAD2410479,
CAD2410480,
CAD2410481,
CAD2410482,
CAD2410483,
CAD2410484,
CAD2410485,
CAD2410486,
CAD2410487,
CAD2410488,
CAD2410489,
CAD2410490,
CAD2410491,
CAD2410492,
CAD2410493,
CAD2410494,
CAD2410495,
CAD2410496,
CAD2410497,
CAD2410498,
CAD2410499,
CAD2410500,
CAD2410501,
CAD2410502,
CAD2410503,
CAD2410504,
CAD2410505,
CAD2410506,
CAD2410507,
CAD2410508,
CAD2410509,
CAD2410510,
CAD2410511,
CAD2410512,
CAD2410513,
CAD2410514,
CAD2410515,
CAD2410516,
CAD2410517,
CAD2410518,
CAD2410519,
CAD2410520,
CAD2410521,
CAD2410522,
CAD2410523,
CAD2410524,
CAD2410525,
CAD2410526,
CAD2410527,
CAD2410528,
CAD2410529,
CAD2410530,
CAD2410531,
CAD2410532,
CAD2410533,
CAD2410534,
CAD2410535,
CAD2410536,
CAD2410537,
CAD2410538,
CAD2410539,
CAD2410540,
CAD2410541,
CAD2410542,
CAD2410543,
CAD2410544,
CAD2410545,
CAD2410546,
CAD2410547,
CAD2410548,
CAD2410549,
CAD2410550,
CAD2410551,
CAD2410552,
CAD2410553,
CAD2410554,
CAD2410555,
CAD2410556,
CAD2410557,
CAD2410558,
CAD2410559,
CAD2410560,
CAD2410561,
CAD2410562,
CAD2410563,
CAD2410564,
CAD2410565,
CAD2410566,
CAD2410567,
CAD2410568,
CAD2410569,
CAD2410570,
CAD2410571,
CAD2410572,
CAD2410573,
CAD2410574,
CAD2410575,
CAD2410576,
CAD2410577,
CAD2410578,
CAD2410579,
CAD2410580,
CAD2410581,
CAD2410582,
CAD2410583,
CAD2410584,
CAD2410585,
CAD2410586,
CAD2410587,
CAD2410588,
CAD2410589,
CAD2410590,
CAD2410591,
CAD2410592,
CAD2410593,
CAD2410594,
CAD2410595,
CAD2410596,
CAD2410597,
CAD2410598,
CAD2410599,
CAD2410600,
CAD2410601,
CAD2410602,
CAD2410603,
CAD2410604,
CAD2410605,
CAD2410606,
CAD2410607,
CAD2410608,
CAD2410609,
CAD2410610,
CAD2410611,
CAD2410612,
CAD2410613,
CAD2410614,
CAD2410615,
CAD2410616,
CAD2410617,
CAD2410618,
CAD2410619,
CAD2410620,
CAD2410621,
CAD2410622,
CAD2410623,
CAD2410624,
CAD2410625,
CAD2410626,
CAD2410627,
CAD2410628,
CAD2410629,
CAD2410630,
CAD2410631,
CAD2410632,
CAD2410633,
CAD2410634,
CAD2410635,
CAD2410636,
CAD2410637,
CAD2410638,
CAD2410639,
CAD2410640,
CAD2410641,
CAD2410642,
CAD2410643,
CAD2410644,
CAD2410645,
CAD2410646,
CAD2410647,
CAD2410648,
CAD2410649,
CAD2410650,
CAD2410651,
CAD2410652,
CAD2410653,
CAD2410654,
CAD2410655,
CAD2410656,
CAD2410657,
CAD2410658,
CAD2410659,
CAD2410660,
CAD2410661,
CAD2410662,
CAD2410663,
CAD2410664,
CAD2410665,
CAD2410666,
CAD2410667,
CAD2410668,
CAD2410669,
CAD2410670,
CAD2410671,
CAD2410672,
CAD2410673,
CAD2410674,
CAD2410675,
CAD2410676,
CAD2410677,
CAD2410678,
CAD2410679,
CAD2410680,
CAD2410681,
CAD2410682,
CAD2410683,
CAD2410684,
CAD2410685,
CAD2410686,
CAD2410687,
CAD2410688,
CAD2410689,
CAD2410690,
CAD2410691,
CAD2410692,
CAD2410693,
CAD2410694,
CAD2410695,
CAD2410696,
CAD2410697,
CAD2410698,
CAD2410699,
CAD2410700,
CAD2410701,
CAD2410702,
CAD2410703,
CAD2410704,
CAD2410705,
CAD2410706,
CAD2410707,
CAD2410708,
CAD2410709,
CAD2410710,
CAD2410711,
CAD2410712,
CAD2410713,
CAD2410714,
CAD2410715,
CAD2410716,
CAD2410717,
CAD2410718,
CAD2410719,
CAD2410720,
CAD2410721,
CAD2410722,
CAD2410723,
CAD2410724,
CAD2410725,
CAD2410726,
CAD2410727,
CAD2410728,
CAD2410729,
CAD2410730,
CAD2410731,
CAD2410732,
CAD2410733,
CAD2410734,
CAD2410735,
CAD2410736,
CAD2410737,
CAD2410738,
CAD2410739,
CAD2410740,
CAD2410741,
CAD2410742,
CAD2410743,
CAD2410744,
CAD2410745,
CAD2410746,
CAD2410747,
CAD2410748,
CAD2410749,
CAD2410750,
CAD2410751,
CAD2410752,
CAD2410753,
CAD2410754,
CAD2410755,
CAD2410756,
CAD2410757,
CAD2410758,
CAD2410759,
CAD2410760,
CAD2410761,
CAD2410762,
CAD2410763,
CAD2410764,
CAD2410765,
CAD2410766,
CAD2410767,
CAD2410768,
CAD2410769,
CAD2410770,
CAD2410771,
CAD2410772,
CAD2410773,
CAD2410774,
CAD2410775,
CAD2410776,
CAD2410777,
CAD2410778,
CAD2410779,
CAD2410780,
CAD2410781,
CAD2410782,
CAD2410783,
CAD2410784,
CAD2410785,
CAD2410786,
CAD2410787,
CAD2410788,
CAD2410789,
CAD2410790,
CAD2410791,
CAD2410792,
CAD2410793,
CAD2410794,
CAD2410795,
CAD2410796,
CAD2410797,
CAD2410798,
CAD2410799,
CAD2410800,
CAD2410801,
CAD2410802,
CAD2410803,
CAD2410804,
CAD2410805,
CAD2410806,
CAD2410807,
CAD2410808,
CAD2410809,
CAD2410810,
CAD2410811,
CAD2410812,
CAD2410813,
CAD2410814,
CAD2410815,
CAD2410816,
CAD2410817,
CAD2410818,
CAD2410819,
CAD2410820,
CAD2410821,
CAD2410822,
CAD2410823,
CAD2410824,
CAD2410825,
CAD2410826,
CAD2410827,
CAD2410828,
CAD2410829,
CAD2410830,
CAD2410831,
CAD2410832,
CAD2410833,
CAD2410834,
CAD2410835,
CAD2410836,
CAD2410837,
CAD2410838,
CAD2410839,
CAD2410840,
CAD2410841,
CAD2410842,
CAD2410843,
CAD2410844,
CAD2410845,
CAD2410846,
CAD2410847,
CAD2410848,
CAD2410849,
CAD2410850,
CAD2410851,
CAD2410852,
CAD2410853,
CAD2410854,
CAD2410855,
CAD2410856,
CAD2410857,
CAD2410858,
CAD2410859,
CAD2410860,
CAD2410861,
CAD2410862,
CAD2410863,
CAD2410864,
CAD2410865,
CAD2410866,
CAD2410867,
CAD2410868,
CAD2410869,
CAD2410870,
CAD2410871,
CAD2410872,
CAD2410873,
CAD2410874,
CAD2410875,
CAD2410876,
CAD2410877,
CAD2410878,
CAD2410879,
CAD2410880,
CAD2410881,
CAD2410882,
CAD2410883,
CAD2410884,
CAD2410885,
CAD2410886,
CAD2410887,
CAD2410888,
CAD2410889,
CAD2410890,
CAD2410891,
CAD2410892,
CAD2410893,
CAD2410894,
CAD2410895,
CAD2410896,
CAD2410897,
CAD2410898,
CAD2410899,
CAD2410900,
CAD2410901,
CAD2410902,
CAD2410903,
CAD2410904,
CAD2410905,
CAD2410906,
CAD2410907,
CAD2410908,
CAD2410909,
CAD2410910,
CAD2410911,
CAD2410912,
CAD2410913,
CAD2410914,
CAD2410915,
CAD2410916,
CAD2410917,
CAD2410918,
CAD2410919,
CAD2410920,
CAD2410921,
CAD2410922,
CAD2410923,
CAD2410924,
CAD2410925,
CAD2410926,
CAD2410927,
CAD2410928,
CAD2410929,
CAD2410930,
CAD2410931,
CAD2410932,
CAD2410933,
CAD2410934,
CAD2410935,
CAD2410936,
CAD2410937,
CAD2410938,
CAD2410939,
CAD2410940,
CAD2410941,
CAD2410942,
CAD2410943,
CAD2410944,
CAD2410945,
CAD2410946,
CAD2410947,
CAD2410948,
CAD2410949,
CAD2410950,
CAD2410951,
CAD2410952,
CAD2410953,
CAD2410954,
CAD2410955,
CAD2410956,
CAD2410957,
CAD2410958,
CAD2410959,
CAD2410960,
CAD2410961,
CAD2410962,
CAD2410963,
CAD2410964,
CAD2410965,
CAD2410966,
CAD2410967,
CAD2410968,
CAD2410969,
CAD2410970,
CAD2410971,
CAD2410972,
CAD2410973,
CAD2410974,
CAD2410975,
CAD2410976,
CAD2410977,
CAD2410978,
CAD2410979,
CAD2410980,
CAD2410981,
CAD2410982,
CAD2410983,
CAD2410984,
CAD2410985,
CAD2410986,
CAD2410987,
CAD2410988,
CAD2410989,
CAD2410990,
CAD2410991,
CAD2410992,
CAD2410993,
CAD2410994,
CAD2410995,
CAD2410996,
CAD2410997,
CAD2410998,
CAD2410999,
CAD2411000,
CAD2411001,
CAD2411002,
CAD2411003,
CAD2411004,
CAD2411005,
CAD2411006,
CAD2411007,
CAD2411008,
CAD2411009,
CAD2411010,
CAD2411011,
CAD2411012,
CAD2411013,
CAD2411014,
CAD2411015,
CAD2411016,
CAD2411017,
CAD2411018,
CAD2411019,
CAD2411020,
CAD2411021,
CAD2411022,
CAD2411023,
CAD2411024,
CAD2411025,
CAD2411026,
CAD2411027,
CAD2411028,
CAD2411029,
CAD2411030,
CAD2411031,
CAD2411032,
CAD2411033,
CAD2411034,
CAD2411035,
CAD2411036,
CAD2411037,
CAD2411038,
CAD2411039,
CAD2411040,
CAD2411041,
CAD2411042,
CAD2411043,
CAD2411044,
CAD2411045,
CAD2411046,
CAD2411047,
CAD2411048,
CAD2411049,
CAD2411050,
CAD2411051,
CAD2411052,
CAD2411053,
CAD2411054,
CAD2411055,
CAD2411056,
CAD2411057,
CAD2411058,
CAD2411059,
CAD2411060,
CAD2411061,
CAD2411062,
CAD2411063,
CAD2411064,
CAD2411065,
CAD2411066,
CAD2411067,
CAD2411068,
CAD2411069,
CAD2411070,
CAD2411071,
CAD2411072,
CAD2411073,
CAD2411074,
CAD2411075,
CAD2411076,
CAD2411077,
CAD2411078,
CAD2411079,
CAD2411080,
CAD2411081,
CAD2411082,
CAD2411083,
CAD2411084,
CAD2411085,
CAD2411086,
CAD2411087,
CAD2411088,
CAD2411089,
CAD2411090,
CAD2411091,
CAD2411092,
CAD2411093,
CAD2411094,
CAD2411095,
CAD2411096,
CAD2411097,
CAD2411098,
CAD2411099,
CAD2411100,
CAD2411101,
CAD2411102,
CAD2411103,
CAD2411104,
CAD2411105,
CAD2411106,
CAD2411107,
CAD2411108,
CAD2411109,
CAD2411110,
CAD2411111,
CAD2411112,
CAD2411113,
CAD2411114,
CAD2411115,
CAD2411116,
CAD2411117,
CAD2411118,
CAD2411119,
CAD2411120,
CAD2411121,
CAD2411122,
CAD2411123,
CAD2411124,
CAD2411125,
CAD2411126,
CAD2411127,
CAD2411128,
CAD2411129,
CAD2411130,
CAD2411131,
CAD2411132,
CAD2411133,
CAD2411134,
CAD2411135,
CAD2411136,
CAD2411137,
CAD2411138,
CAD2411139,
CAD2411140,
CAD2411141,
CAD2411142,
CAD2411143,
CAD2411144,
CAD2411145,
CAD2411146,
CAD2411147,
CAD2411148,
CAD2411149,
CAD2411150,
CAD2411151,
CAD2411152,
CAD2411153,
CAD2411154,
CAD2411155,
CAD2411156,
CAD2411157,
CAD2411158,
CAD2411159,
CAD2411160,
CAD2411161,
CAD2411162,
CAD2411163,
CAD2411164,
CAD2411165,
CAD2411166,
CAD2411167,
CAD2411168,
CAD2411169,
CAD2411170,
CAD2411171,
CAD2411172,
CAD2411173,
CAD2411174,
CAD2411175,
CAD2411176,
CAD2411177,
CAD2411178,
CAD2411179,
CAD2411180,
CAD2411181,
CAD2411182,
CAD2411183,
CAD2411184,
CAD2411185,
CAD2411186,
CAD2411187,
CAD2411188,
CAD2411189,
CAD2411190,
CAD2411191,
CAD2411192,
CAD2411193,
CAD2411194,
CAD2411195,
CAD2411196,
CAD2411197,
CAD2411198,
CAD2411199,
CAD2411200,
CAD2411201,
CAD2411202,
CAD2411203,
CAD2411204,
CAD2411205,
CAD2411206,
CAD2411207,
CAD2411208,
CAD2411209,
CAD2411210,
CAD2411211,
CAD2411212,
CAD2411213,
CAD2411214,
CAD2411215,
CAD2411216,
CAD2411217,
CAD2411218,
CAD2411219,
CAD2411220,
CAD2411221,
CAD2411222,
CAD2411223,
CAD2411224,
CAD2411225,
CAD2411226,
CAD2411227,
CAD2411228,
CAD2411229,
CAD2411230,
CAD2411231,
CAD2411232,
CAD2411233,
CAD2411234,
CAD2411235,
CAD2411236,
CAD2411237,
CAD2411238,
CAD2411239,
CAD2411240,
CAD2411241,
CAD2411242,
CAD2411243,
CAD2411244,
CAD2411245,
CAD2411246,
CAD2411247,
CAD2411248,
CAD2411249,
CAD2411250,
CAD2411251,
CAD2411252,
CAD2411253,
CAD2411254,
CAD2411255,
CAD2411256,
CAD2411257,
CAD2411258,
CAD2411259,
CAD2411260,
CAD2411261,
CAD2411262,
CAD2411263,
CAD2411264,
CAD2411265,
CAD2411266,
CAD2411267,
CAD2411268,
CAD2411269,
CAD2411270,
CAD2411271,
CAD2411272,
CAD2411273,
CAD2411274,
CAD2411275,
CAD2411276,
CAD2411277,
CAD2411278,
CAD2411279,
CAD2411280,
CAD2411281,
CAD2411282,
CAD2411283,
CAD2411284,
CAD2411285,
CAD2411286,
CAD2411287,
CAD2411288,
CAD2411289,
CAD2411290,
CAD2411291,
CAD2411292,
CAD2411293,
CAD2411294,
CAD2411295,
CAD2411296,
CAD2411297,
CAD2411298,
CAD2411299,
CAD2411300,
CAD2411301,
CAD2411302,
CAD2411303,
CAD2411304,
CAD2411305,
CAD2411306,
CAD2411307,
CAD2411308,
CAD2411309,
CAD2411310,
CAD2411311,
CAD2411312,
CAD2411313,
CAD2411314,
CAD2411315,
CAD2411316,
CAD2411317,
CAD2411318,
CAD2411319,
CAD2411320,
CAD2411321,
CAD2411322,
CAD2411323,
CAD2411324,
CAD2411325,
CAD2411326,
CAD2411327,
CAD2411328,
CAD2411329,
CAD2411330,
CAD2411331,
CAD2411332,
CAD2411333,
CAD2411334,
CAD2411335,
CAD2411336,
CAD2411337,
CAD2411338,
CAD2411339,
CAD2411340,
CAD2411341,
CAD2411342,
CAD2411343,
CAD2411344,
CAD2411345,
CAD2411346,
CAD2411347,
CAD2411348,
CAD2411349,
CAD2411350,
CAD2411351,
CAD2411352,
CAD2411353,
CAD2411354,
CAD2411355,
CAD2411356,
CAD2411357,
CAD2411358,
CAD2411359,
CAD2411360,
CAD2411361,
CAD2411362,
CAD2411363,
CAD2411364,
CAD2411365,
CAD2411366,
CAD2411367,
CAD2411368,
CAD2411369,
CAD2411370,
CAD2411371,
CAD2411372,
CAD2411373,
CAD2411374,
CAD2411375,
CAD2411376,
CAD2411377,
CAD2411378,
CAD2411379,
CAD2411380,
CAD2411381,
CAD2411382,
CAD2411383,
CAD2411384,
CAD2411385,
CAD2411386,
CAD2411387,
CAD2411388,
CAD2411389,
CAD2411390,
CAD2411391,
CAD2411392,
CAD2411393,
CAD2411394,
CAD2411395,
CAD2411396,
CAD2411397,
CAD2411398,
CAD2411399,
CAD2411400,
CAD2411401,
CAD2411402,
CAD2411403,
CAD2411404,
CAD2411405,
CAD2411406,
CAD2411407,
CAD2411408,
CAD2411409,
CAD2411410,
CAD2411411,
CAD2411412,
CAD2411413,
CAD2411414,
CAD2411415,
CAD2411416,
CAD2411417,
CAD2411418,
CAD2411419,
CAD2411420,
CAD2411421,
CAD2411422,
CAD2411423,
CAD2411424,
CAD2411425,
CAD2411426,
CAD2411427,
CAD2411428,
CAD2411429,
CAD2411430,
CAD2411431,
CAD2411432,
CAD2411433,
CAD2411434,
CAD2411435,
CAD2411436,
CAD2411437,
CAD2411438,
CAD2411439,
CAD2411440,
CAD2411441,
CAD2411442,
CAD2411443,
CAD2411444,
CAD2411445,
CAD2411446,
CAD2411447,
CAD2411448,
CAD2411449,
CAD2411450,
CAD2411451,
CAD2411452,
CAD2411453,
CAD2411454,
CAD2411455,
CAD2411456,
CAD2411457,
CAD2411458,
CAD2411459,
CAD2411460,
CAD2411461,
CAD2411462,
CAD2411463,
CAD2411464,
CAD2411465,
CAD2411466,
CAD2411467,
CAD2411468,
CAD2411469,
CAD2411470,
CAD2411471,
CAD2411472,
CAD2411473,
CAD2411474,
CAD2411475,
CAD2411476,
CAD2411477,
CAD2411478,
CAD2411479,
CAD2411480,
CAD2411481,
CAD2411482,
CAD2411483,
CAD2411484,
CAD2411485,
CAD2411486,
CAD2411487,
CAD2411488,
CAD2411489,
CAD2411490,
CAD2411491,
CAD2411492,
CAD2411493,
CAD2411494,
CAD2411495,
CAD2411496,
CAD2411497,
CAD2411498,
CAD2411499,
CAD2411500,
CAD2411501,
CAD2411502,
CAD2411503,
CAD2411504,
CAD2411505,
CAD2411506,
CAD2411507,
CAD2411508,
CAD2411509,
CAD2411510,
CAD2411511,
CAD2411512,
CAD2411513,
CAD2411514,
CAD2411515,
CAD2411516,
CAD2411517,
CAD2411518,
CAD2411519,
CAD2411520,
CAD2411521,
CAD2411522,
CAD2411523,
CAD2411524,
CAD2411525,
CAD2411526,
CAD2411527,
CAD2411528,
CAD2411529,
CAD2411530,
CAD2411531,
CAD2411532,
CAD2411533,
CAD2411534,
CAD2411535,
CAD2411536,
CAD2411537,
CAD2411538,
CAD2411539,
CAD2411540,
CAD2411541,
CAD2411542,
CAD2411543,
CAD2411544,
CAD2411545,
CAD2411546,
CAD2411547,
CAD2411548,
CAD2411549,
CAD2411550,
CAD2411551,
CAD2411552,
CAD2411553,
CAD2411554,
CAD2411555,
CAD2411556,
CAD2411557,
CAD2411558,
CAD2411559,
CAD2411560,
CAD2411561,
CAD2411562,
CAD2411563,
CAD2411564,
CAD2411565,
CAD2411566,
CAD2411567,
CAD2411568,
CAD2411569,
CAD2411570,
CAD2411571,
CAD2411572,
CAD2411573,
CAD2411574,
CAD2411575,
CAD2411576,
CAD2411577,
CAD2411578,
CAD2411579,
CAD2411580,
CAD2411581,
CAD2411582,
CAD2411583,
CAD2411584,
CAD2411585,
CAD2411586,
CAD2411587,
CAD2411588,
CAD2411589,
CAD2411590,
CAD2411591,
CAD2411592,
CAD2411593,
CAD2411594,
CAD2411595,
CAD2411596,
CAD2411597,
CAD2411598,
CAD2411599,
CAD2411600,
CAD2411601,
CAD2411602,
CAD2411603,
CAD2411604,
CAD2411605,
CAD2411606,
CAD2411607,
CAD2411608,
CAD2411609,
CAD2411610,
CAD2411611,
CAD2411612,
CAD2411613,
CAD2411614,
CAD2411615,
CAD2411616,
CAD2411617,
CAD2411618,
CAD2411619,
CAD2411620,
CAD2411621,
CAD2411622,
CAD2411623,
CAD2411624,
CAD2411625,
CAD2411626,
CAD2411627,
CAD2411628,
CAD2411629,
CAD2411630,
CAD2411631,
CAD2411632,
CAD2411633,
CAD2411634,
CAD2411635,
CAD2411636,
CAD2411637,
CAD2411638,
CAD2411639,
CAD2411640,
CAD2411641,
CAD2411642,
CAD2411643,
CAD2411644,
CAD2411645,
CAD2411646,
CAD2411647,
CAD2411648,
CAD2411649,
CAD2411650,
CAD2411651,
CAD2411652,
CAD2411653,
CAD2411654,
CAD2411655,
CAD2411656,
CAD2411657,
CAD2411658,
CAD2411659,
CAD2411660,
CAD2411661,
CAD2411662,
CAD2411663,
CAD2411664,
CAD2411665,
CAD2411666,
CAD2411667,
CAD2411668,
CAD2411669,
CAD2411670,
CAD2411671,
CAD2411672,
CAD2411673,
CAD2411674,
CAD2411675,
CAD2411676,
CAD2411677,
CAD2411678,
CAD2411679,
CAD2411680,
CAD2411681,
CAD2411682,
CAD2411683,
CAD2411684,
CAD2411685,
CAD2411686,
CAD2411687,
CAD2411688,
CAD2411689,
CAD2411690,
CAD2411691,
CAD2411692,
CAD2411693,
CAD2411694,
CAD2411695,
CAD2411696,
CAD2411697,
CAD2411698,
CAD2411699,
CAD2411700,
CAD2411701,
CAD2411702,
CAD2411703,
CAD2411704,
CAD2411705,
CAD2411706,
CAD2411707,
CAD2411708,
CAD2411709,
CAD2411710,
CAD2411711,
CAD2411712,
CAD2411713,
CAD2411714,
CAD2411715,
CAD2411716,
CAD2411717,
CAD2411718,
CAD2411719,
CAD2411720,
CAD2411721,
CAD2411722,
CAD2411723,
CAD2411724,
CAD2411725,
CAD2411726,
CAD2411727,
CAD2411728,
CAD2411729,
CAD2411730,
CAD2411731,
CAD2411732,
CAD2411733,
CAD2411734,
CAD2411735,
CAD2411736,
CAD2411737,
CAD2411738,
CAD2411739,
CAD2411740,
CAD2411741,
CAD2411742,
CAD2411743,
CAD2411744,
CAD2411745,
CAD2411746,
CAD2411747,
CAD2411748,
CAD2411749,
CAD2411750,
CAD2411751,
CAD2411752,
CAD2411753,
CAD2411754,
CAD2411755,
CAD2411756,
CAD2411757,
CAD2411758,
CAD2411759,
CAD2411760,
CAD2411761,
CAD2411762,
CAD2411763,
CAD2411764,
CAD2411765,
CAD2411766,
CAD2411767,
CAD2411768,
CAD2411769,
CAD2411770,
CAD2411771,
CAD2411772,
CAD2411773,
CAD2411774,
CAD2411775,
CAD2411776,
CAD2411777,
CAD2411778,
CAD2411779,
CAD2411780,
CAD2411781,
CAD2411782,
CAD2411783,
CAD2411784,
CAD2411785,
CAD2411786,
CAD2411787,
CAD2411788,
CAD2411789,
CAD2411790,
CAD2411791,
CAD2411792,
CAD2411793,
CAD2411794,
CAD2411795,
CAD2411796,
CAD2411797,
CAD2411798,
CAD2411799,
CAD2411800,
CAD2411801,
CAD2411802,
CAD2411803,
CAD2411804,
CAD2411805,
CAD2411806,
CAD2411807,
CAD2411808,
CAD2411809,
CAD2411810,
CAD2411811,
CAD2411812,
CAD2411813,
CAD2411814,
CAD2411815,
CAD2411816,
CAD2411817,
CAD2411818,
CAD2411819,
CAD2411820,
CAD2411821,
CAD2411822,
CAD2411823,
CAD2411824,
CAD2411825,
CAD2411826,
CAD2411827,
CAD2411828,
CAD2411829,
CAD2411830,
CAD2411831,
CAD2411832,
CAD2411833,
CAD2411834,
CAD2411835,
CAD2411836,
CAD2411837,
CAD2411838,
CAD2411839,
CAD2411840,
CAD2411841,
CAD2411842,
CAD2411843,
CAD2411844,
CAD2411845,
CAD2411846,
CAD2411847,
CAD2411848,
CAD2411849,
CAD2411850,
CAD2411851,
CAD2411852,
CAD2411853,
CAD2411854,
CAD2411855,
CAD2411856,
CAD2411857,
CAD2411858,
CAD2411859,
CAD2411860,
CAD2411861,
CAD2411862,
CAD2411863,
CAD2411864,
CAD2411865,
CAD2411866,
CAD2411867,
CAD2411868,
CAD2411869,
CAD2411870,
CAD2411871,
CAD2411872,
CAD2411873,
CAD2411874,
CAD2411875,
CAD2411876,
CAD2411877,
CAD2411878,
CAD2411879,
CAD2411880,
CAD2411881,
CAD2411882,
CAD2411883,
CAD2411884,
CAD2411885,
CAD2411886,
CAD2411887,
CAD2411888,
CAD2411889,
CAD2411890,
CAD2411891,
CAD2411892,
CAD2411893,
CAD2411894,
CAD2411895,
CAD2411896,
CAD2411897,
CAD2411898,
CAD2411899,
CAD2411900,
CAD2411901,
CAD2411902,
CAD2411903,
CAD2411904,
CAD2411905,
CAD2411906,
CAD2411907,
CAD2411908,
CAD2411909,
CAD2411910,
CAD2411911,
CAD2411912,
CAD2411913,
CAD2411914,
CAD2411915,
CAD2411916,
CAD2411917,
CAD2411918,
CAD2411919,
CAD2411920,
CAD2411921,
CAD2411922,
CAD2411923,
CAD2411924,
CAD2411925,
CAD2411926,
CAD2411927,
CAD2411928,
CAD2411929,
CAD2411930,
CAD2411931,
CAD2411932,
CAD2411933,
CAD2411934,
CAD2411935,
CAD2411936,
CAD2411937,
CAD2411938,
CAD2411939,
CAD2411940,
CAD2411941,
CAD2411942,
CAD2411943,
CAD2411944,
CAD2411945,
CAD2411946,
CAD2411947,
CAD2411948,
CAD2411949,
CAD2411950,
CAD2411951,
CAD2411952,
CAD2411953,
CAD2411954,
CAD2411955,
CAD2411956,
CAD2411957,
CAD2411958,
CAD2411959,
CAD2411960,
CAD2411961,
CAD2411962,
CAD2411963,
CAD2411964,
CAD2411965,
CAD2411966,
CAD2411967,
CAD2411968,
CAD2411969,
CAD2411970,
CAD2411971,
CAD2411972,
CAD2411973,
CAD2411974,
CAD2411975,
CAD2411976,
CAD2411977,
CAD2411978,
CAD2411979,
CAD2411980,
CAD2411981,
CAD2411982,
CAD2411983,
CAD2411984,
CAD2411985,
CAD2411986,
CAD2411987,
CAD2411988,
CAD2411989,
CAD2411990,
CAD2411991,
CAD2411992,
CAD2411993,
CAD2411994,
CAD2411995,
CAD2411996,
CAD2411997,
CAD2411998,
CAD2411999,
CAD2412000,
CAD2412001,
CAD2412002,
CAD2412003,
CAD2412004,
CAD2412005,
CAD2412006,
CAD2412007,
CAD2412008,
CAD2412009,
CAD2412010,
CAD2412011,
CAD2412012,
CAD2412013,
CAD2412014,
CAD2412015,
CAD2412016,
CAD2412017,
CAD2412018,
CAD2412019,
CAD2412020,
CAD2412021,
CAD2412022,
CAD2412023,
CAD2412024,
CAD2412025,
CAD2412026,
CAD2412027,
CAD2412028,
CAD2412029,
CAD2412030,
CAD2412031,
CAD2412032,
CAD2412033,
CAD2412034,
CAD2412035,
CAD2412036,
CAD2412037,
CAD2412038,
CAD2412039,
CAD2412040,
CAD2412041,
CAD2412042,
CAD2412043,
CAD2412044,
CAD2412045,
CAD2412046,
CAD2412047,
CAD2412048,
CAD2412049,
CAD2412050,
CAD2412051,
CAD2412052,
CAD2412053,
CAD2412054,
CAD2412055,
CAD2412056,
CAD2412057,
CAD2412058,
CAD2412059,
CAD2412060,
CAD2412061,
CAD2412062,
CAD2412063,
CAD2412064,
CAD2412065,
CAD2412066,
CAD2412067,
CAD2412068,
CAD2412069,
CAD2412070,
CAD2412071,
CAD2412072,
CAD2412073,
CAD2412074,
CAD2412075,
CAD2412076,
CAD2412077,
CAD2412078,
CAD2412079,
CAD2412080,
CAD2412081,
CAD2412082,
CAD2412083,
CAD2412084,
CAD2412085,
CAD2412086,
CAD2412087,
CAD2412088,
CAD2412089,
CAD2412090,
CAD2412091,
CAD2412092,
CAD2412093,
CAD2412094,
CAD2412095,
CAD2412096,
CAD2412097,
CAD2412098,
CAD2412099,
CAD2412100,
CAD2412101,
CAD2412102,
CAD2412103,
CAD2412104,
CAD2412105,
CAD2412106,
CAD2412107,
CAD2412108,
CAD2412109,
CAD2412110,
CAD2412111,
CAD2412112,
CAD2412113,
CAD2412114,
CAD2412115,
CAD2412116,
CAD2412117,
CAD2412118,
CAD2412119,
CAD2412120,
CAD2412121,
CAD2412122,
CAD2412123,
CAD2412124,
CAD2412125,
CAD2412126,
CAD2412127,
CAD2412128,
CAD2412129,
CAD2412130,
CAD2412131,
CAD2412132,
CAD2412133,
CAD2412134,
CAD2412135,
CAD2412136,
CAD2412137,
CAD2412138,
CAD2412139,
CAD2412140,
CAD2412141,
CAD2412142,
CAD2412143,
CAD2412144,
CAD2412145,
CAD2412146,
CAD2412147,
CAD2412148,
CAD2412149,
CAD2412150,
CAD2412151,
CAD2412152,
CAD2412153,
CAD2412154,
CAD2412155,
CAD2412156,
CAD2412157,
CAD2412158,
CAD2412159,
CAD2412160,
CAD2412161,
CAD2412162,
CAD2412163,
CAD2412164,
CAD2412165,
CAD2412166,
CAD2412167,
CAD2412168,
CAD2412169,
CAD2412170,
CAD2412171,
CAD2412172,
CAD2412173,
CAD2412174,
CAD2412175,
CAD2412176,
CAD2412177,
CAD2412178,
CAD2412179,
CAD2412180,
CAD2412181,
CAD2412182,
CAD2412183,
CAD2412184,
CAD2412185,
CAD2412186,
CAD2412187,
CAD2412188,
CAD2412189,
CAD2412190,
CAD2412191,
CAD2412192,
CAD2412193,
CAD2412194,
CAD2412195,
CAD2412196,
CAD2412197,
CAD2412198,
CAD2412199,
CAD2412200,
CAD2412201,
CAD2412202,
CAD2412203,
CAD2412204,
CAD2412205,
CAD2412206,
CAD2412207,
CAD2412208,
CAD2412209,
CAD2412210,
CAD2412211,
CAD2412212,
CAD2412213,
CAD2412214,
CAD2412215,
CAD2412216,
CAD2412217,
CAD2412218,
CAD2412219,
CAD2412220,
CAD2412221,
CAD2412222,
CAD2412223,
CAD2412224,
CAD2412225,
CAD2412226,
CAD2412227,
CAD2412228,
CAD2412229,
CAD2412230,
CAD2412231,
CAD2412232,
CAD2412233,
CAD2412234,
CAD2412235,
CAD2412236,
CAD2412237,
CAD2412238,
CAD2412239,
CAD2412240,
CAD2412241,
CAD2412242,
CAD2412243,
CAD2412244,
CAD2412245,
CAD2412246,
CAD2412247,
CAD2412248,
CAD2412249,
CAD2412250,
CAD2412251,
CAD2412252,
CAD2412253,
CAD2412254,
CAD2412255,
CAD2412256,
CAD2412257,
CAD2412258,
CAD2412259,
CAD2412260,
CAD2412261,
CAD2412262,
CAD2412263,
CAD2412264,
CAD2412265,
CAD2412266,
CAD2412267,
CAD2412268,
CAD2412269,
CAD2412270,
CAD2412271,
CAD2412272,
CAD2412273,
CAD2412274,
CAD2412275,
CAD2412276,
CAD2412277,
CAD2412278,
CAD2412279,
CAD2412280,
CAD2412281,
CAD2412282,
CAD2412283,
CAD2412284,
CAD2412285,
CAD2412286,
CAD2412287,
CAD2412288,
CAD2412289,
CAD2412290,
CAD2412291,
CAD2412292,
CAD2412293,
CAD2412294,
CAD2412295,
CAD2412296,
CAD2412297,
CAD2412298,
CAD2412299,
CAD2412300,
CAD2412301,
CAD2412302,
CAD2412303,
CAD2412304,
CAD2412305,
CAD2412306,
CAD2412307,
CAD2412308,
CAD2412309,
CAD2412310,
CAD2412311,
CAD2412312,
CAD2412313,
CAD2412314,
CAD2412315,
CAD2412316,
CAD2412317,
CAD2412318,
CAD2412319,
CAD2412320,
CAD2412321,
CAD2412322,
CAD2412323,
CAD2412324,
CAD2412325,
CAD2412326,
CAD2412327,
CAD2412328,
CAD2412329,
CAD2412330,
CAD2412331,
CAD2412332,
CAD2412333,
CAD2412334,
CAD2412335,
CAD2412336,
CAD2412337,
CAD2412338,
CAD2412339,
CAD2412340,
CAD2412341,
CAD2412342,
CAD2412343,
CAD2412344,
CAD2412345,
CAD2412346,
CAD2412347,
CAD2412348,
CAD2412349,
CAD2412350,
CAD2412351,
CAD2412352,
CAD2412353,
CAD2412354,
CAD2412355,
CAD2412356,
CAD2412357,
CAD2412358,
CAD2412359,
CAD2412360,
CAD2412361,
CAD2412362,
CAD2412363,
CAD2412364,
CAD2412365,
CAD2412366,
CAD2412367,
CAD2412368,
CAD2412369,
CAD2412370,
CAD2412371,
CAD2412372,
CAD2412373,
CAD2412374,
CAD2412375,
CAD2412376,
CAD2412377,
CAD2412378,
CAD2412379,
CAD2412380,
CAD2412381,
CAD2412382,
CAD2412383,
CAD2412384,
CAD2412385,
CAD2412386,
CAD2412387,
CAD2412388,
CAD2412389,
CAD2412390,
CAD2412391,
CAD2412392,
CAD2412393,
CAD2412394,
CAD2412395,
CAD2412396,
CAD2412397,
CAD2412398,
CAD2412399,
CAD2412400,
CAD2412401,
CAD2412402,
CAD2412403,
CAD2412404,
CAD2412405,
CAD2412406,
CAD2412407,
CAD2412408,
CAD2412409,
CAD2412410,
CAD2412411,
CAD2412412,
CAD2412413,
CAD2412414,
CAD2412415,
CAD2412416,
CAD2412417,
CAD2412418,
CAD2412419,
CAD2412420,
CAD2412421,
CAD2412422,
CAD2412423,
CAD2412424,
CAD2412425,
CAD2412426,
CAD2412427,
CAD2412428,
CAD2412429,
CAD2412430,
CAD2412431,
CAD2412432,
CAD2412433,
CAD2412434,
CAD2412435,
CAD2412436,
CAD2412437,
CAD2412438,
CAD2412439,
CAD2412440,
CAD2412441,
CAD2412442,
CAD2412443,
CAD2412444,
CAD2412445,
CAD2412446,
CAD2412447,
CAD2412448,
CAD2412449,
CAD2412450,
CAD2412451,
CAD2412452,
CAD2412453,
CAD2412454,
CAD2412455,
CAD2412456,
CAD2412457,
CAD2412458,
CAD2412459,
CAD2412460,
CAD2412461,
CAD2412462,
CAD2412463,
CAD2412464,
CAD2412465,
CAD2412466,
CAD2412467,
CAD2412468,
CAD2412469,
CAD2412470,
CAD2412471,
CAD2412472,
CAD2412473,
CAD2412474,
CAD2412475,
CAD2412476,
CAD2412477,
CAD2412478,
CAD2412479,
CAD2412480,
CAD2412481,
CAD2412482,
CAD2412483,
CAD2412484,
CAD2412485,
CAD2412486,
CAD2412487,
CAD2412488,
CAD2412489,
CAD2412490,
CAD2412491,
CAD2412492,
CAD2412493,
CAD2412494,
CAD2412495,
CAD2412496,
CAD2412497,
CAD2412498,
CAD2412499,
CAD2412500,
CAD2412501,
CAD2412502,
CAD2412503,
CAD2412504,
CAD2412505,
CAD2412506,
CAD2412507,
CAD2412508,
CAD2412509,
CAD2412510,
CAD2412511,
CAD2412512,
CAD2412513,
CAD2412514,
CAD2412515,
CAD2412516,
CAD2412517,
CAD2412518,
CAD2412519,
CAD2412520,
CAD2412521,
CAD2412522,
CAD2412523,
CAD2412524,
CAD2412525,
CAD2412526,
CAD2412527,
CAD2412528,
CAD2412529,
CAD2412530,
CAD2412531,
CAD2412532,
CAD2412533,
CAD2412534,
CAD2412535,
CAD2412536,
CAD2412537,
CAD2412538,
CAD2412539,
CAD2412540,
CAD2412541,
CAD2412542,
CAD2412543,
CAD2412544,
CAD2412545,
CAD2412546,
CAD2412547,
CAD2412548,
CAD2412549,
CAD2412550,
CAD2412551,
CAD2412552,
CAD2412553,
CAD2412554,
CAD2412555,
CAD2412556,
CAD2412557,
CAD2412558,
CAD2412559,
CAD2412560,
CAD2412561,
CAD2412562,
CAD2412563,
CAD2412564,
CAD2412565,
CAD2412566,
CAD2412567,
CAD2412568,
CAD2412569,
CAD2412570,
CAD2412571,
CAD2412572,
CAD2412573,
CAD2412574,
CAD2412575,
CAD2412576,
CAD2412577,
CAD2412578,
CAD2412579,
CAD2412580,
CAD2412581,
CAD2412582,
CAD2412583,
CAD2412584,
CAD2412585,
CAD2412586,
CAD2412587,
CAD2412588,
CAD2412589,
CAD2412590,
CAD2412591,
CAD2412592,
CAD2412593,
CAD2412594,
CAD2412595,
CAD2412596,
CAD2412597,
CAD2412598,
CAD2412599,
CAD2412600,
CAD2412601,
CAD2412602,
CAD2412603,
CAD2412604,
CAD2412605,
CAD2412606,
CAD2412607,
CAD2412608,
CAD2412609,
CAD2412610,
CAD2412611,
CAD2412612,
CAD2412613,
CAD2412614,
CAD2412615,
CAD2412616,
CAD2412617,
CAD2412618,
CAD2412619,
CAD2412620,
CAD2412621,
CAD2412622,
CAD2412623,
CAD2412624,
CAD2412625,
CAD2412626,
CAD2412627,
CAD2412628,
CAD2412629,
CAD2412630,
CAD2412631,
CAD2412632,
CAD2412633,
CAD2412634,
CAD2412635,
CAD2412636,
CAD2412637,
CAD2412638,
CAD2412639,
CAD2412640,
CAD2412641,
CAD2412642,
CAD2412643,
CAD2412644,
CAD2412645,
CAD2412646,
CAD2412647,
CAD2412648,
CAD2412649,
CAD2412650,
CAD2412651,
CAD2412652,
CAD2412653,
CAD2412654,
CAD2412655,
CAD2412656,
CAD2412657,
CAD2412658,
CAD2412659,
CAD2412660,
CAD2412661,
CAD2412662,
CAD2412663,
CAD2412664,
CAD2412665,
CAD2412666,
CAD2412667,
CAD2412668,
CAD2412669,
CAD2412670,
CAD2412671,
CAD2412672,
CAD2412673,
CAD2412674,
CAD2412675,
CAD2412676,
CAD2412677,
CAD2412678,
CAD2412679,
CAD2412680,
CAD2412681,
CAD2412682,
CAD2412683,
CAD2412684,
CAD2412685,
CAD2412686,
CAD2412687,
CAD2412688,
CAD2412689,
CAD2412690,
CAD2412691,
CAD2412692,
CAD2412693,
CAD2412694,
CAD2412695,
CAD2412696,
CAD2412697,
CAD2412698,
CAD2412699,
CAD2412700,
CAD2412701,
CAD2412702,
CAD2412703,
CAD2412704,
CAD2412705,
CAD2412706,
CAD2412707,
CAD2412708,
CAD2412709,
CAD2412710,
CAD2412711,
CAD2412712,
CAD2412713,
CAD2412714,
CAD2412715,
CAD2412716,
CAD2412717,
CAD2412718,
CAD2412719,
CAD2412720,
CAD2412721,
CAD2412722,
CAD2412723,
CAD2412724,
CAD2412725,
CAD2412726,
CAD2412727,
CAD2412728,
CAD2412729,
CAD2412730,
CAD2412731,
CAD2412732,
CAD2412733,
CAD2412734,
CAD2412735,
CAD2412736,
CAD2412737,
CAD2412738,
CAD2412739,
CAD2412740,
CAD2412741,
CAD2412742,
CAD2412743,
CAD2412744,
CAD2412745,
CAD2412746,
CAD2412747,
CAD2412748,
CAD2412749,
CAD2412750,
CAD2412751,
CAD2412752,
CAD2412753,
CAD2412754,
CAD2412755,
CAD2412756,
CAD2412757,
CAD2412758,
CAD2412759,
CAD2412760,
CAD2412761,
CAD2412762,
CAD2412763,
CAD2412764,
CAD2412765,
CAD2412766,
CAD2412767,
CAD2412768,
CAD2412769,
CAD2412770,
CAD2412771,
CAD2412772,
CAD2412773,
CAD2412774,
CAD2412775,
CAD2412776,
CAD2412777,
CAD2412778,
CAD2412779,
CAD2412780,
CAD2412781,
CAD2412782,
CAD2412783,
CAD2412784,
CAD2412785,
CAD2412786,
CAD2412787,
CAD2412788,
CAD2412789,
CAD2412790,
CAD2412791,
CAD2412792,
CAD2412793,
CAD2412794,
CAD2412795,
CAD2412796,
CAD2412797,
CAD2412798,
CAD2412799,
CAD2412800,
CAD2412801,
CAD2412802,
CAD2412803,
CAD2412804,
CAD2412805,
CAD2412806,
CAD2412807,
CAD2412808,
CAD2412809,
CAD2412810,
CAD2412811,
CAD2412812,
CAD2412813,
CAD2412814,
CAD2412815,
CAD2412816,
CAD2412817,
CAD2412818,
CAD2412819,
CAD2412820,
CAD2412821,
CAD2412822,
CAD2412823,
CAD2412824,
CAD2412825,
CAD2412826,
CAD2412827,
CAD2412828,
CAD2412829,
CAD2412830,
CAD2412831,
CAD2412832,
CAD2412833,
CAD2412834,
CAD2412835,
CAD2412836,
CAD2412837,
CAD2412838,
CAD2412839,
CAD2412840,
CAD2412841,
CAD2412842,
CAD2412843,
CAD2412844,
CAD2412845,
CAD2412846,
CAD2412847,
CAD2412848,
CAD2412849,
CAD2412850,
CAD2412851,
CAD2412852,
CAD2412853,
CAD2412854,
CAD2412855,
CAD2412856,
CAD2412857,
CAD2412858,
CAD2412859,
CAD2412860,
CAD2412861,
CAD2412862,
CAD2412863,
CAD2412864,
CAD2412865,
CAD2412866,
CAD2412867,
CAD2412868,
CAD2412869,
CAD2412870,
CAD2412871,
CAD2412872,
CAD2412873,
CAD2412874,
CAD2412875,
CAD2412876,
CAD2412877,
CAD2412878,
CAD2412879,
CAD2412880,
CAD2412881,
CAD2412882,
CAD2412883,
CAD2412884,
CAD2412885,
CAD2412886,
CAD2412887,
CAD2412888,
CAD2412889,
CAD2412890,
CAD2412891,
CAD2412892,
CAD2412893,
CAD2412894,
CAD2412895,
CAD2412896,
CAD2412897,
CAD2412898,
CAD2412899,
CAD2412900,
CAD2412901,
CAD2412902,
CAD2412903,
CAD2412904,
CAD2412905,
CAD2412906,
CAD2412907,
CAD2412908,
CAD2412909,
CAD2412910,
CAD2412911,
CAD2412912,
CAD2412913,
CAD2412914,
CAD2412915,
CAD2412916,
CAD2412917,
CAD2412918,
CAD2412919,
CAD2412920,
CAD2412921,
CAD2412922,
CAD2412923,
CAD2412924,
CAD2412925,
CAD2412926,
CAD2412927,
CAD2412928,
CAD2412929,
CAD2412930,
CAD2412931,
CAD2412932,
CAD2412933,
CAD2412934,
CAD2412935,
CAD2412936,
CAD2412937,
CAD2412938,
CAD2412939,
CAD2412940,
CAD2412941,
CAD2412942,
CAD2412943,
CAD2412944,
CAD2412945,
CAD2412946,
CAD2412947,
CAD2412948,
CAD2412949,
CAD2412950,
CAD2412951,
CAD2412952,
CAD2412953,
CAD2412954,
CAD2412955,
CAD2412956,
CAD2412957,
CAD2412958,
CAD2412959,
CAD2412960,
CAD2412961,
CAD2412962,
CAD2412963,
CAD2412964,
CAD2412965,
CAD2412966,
CAD2412967,
CAD2412968,
CAD2412969,
CAD2412970,
CAD2412971,
CAD2412972,
CAD2412973,
CAD2412974,
CAD2412975,
CAD2412976,
CAD2412977,
CAD2412978,
CAD2412979,
CAD2412980,
CAD2412981,
CAD2412982,
CAD2412983,
CAD2412984,
CAD2412985,
CAD2412986,
CAD2412987,
CAD2412988,
CAD2412989,
CAD2412990,
CAD2412991,
CAD2412992,
CAD2412993,
CAD2412994,
CAD2412995,
CAD2412996,
CAD2412997,
CAD2412998,
CAD2412999,
CAD2413000,
CAD2413001,
CAD2413002,
CAD2413003,
CAD2413004,
CAD2413005,
CAD2413006,
CAD2413007,
CAD2413008,
CAD2413009,
CAD2413010,
CAD2413011,
CAD2413012,
CAD2413013,
CAD2413014,
CAD2413015,
CAD2413016,
CAD2413017,
CAD2413018,
CAD2413019,
CAD2413020,
CAD2413021,
CAD2413022,
CAD2413023,
CAD2413024,
CAD2413025,
CAD2413026,
CAD2413027,
CAD2413028,
CAD2413029,
CAD2413030,
CAD2413031,
CAD2413032,
CAD2413033,
CAD2413034,
CAD2413035,
CAD2413036,
CAD2413037,
CAD2413038,
CAD2413039,
CAD2413040,
CAD2413041,
CAD2413042,
CAD2413043,
CAD2413044,
CAD2413045,
CAD2413046,
CAD2413047,
CAD2413048,
CAD2413049,
CAD2413050,
CAD2413051,
CAD2413052,
CAD2413053,
CAD2413054,
CAD2413055,
CAD2413056,
CAD2413057,
CAD2413058,
CAD2413059,
CAD2413060,
CAD2413061,
CAD2413062,
CAD2413063,
CAD2413064,
CAD2413065,
CAD2413066,
CAD2413067,
CAD2413068,
CAD2413069,
CAD2413070,
CAD2413071,
CAD2413072,
CAD2413073,
CAD2413074,
CAD2413075,
CAD2413076,
CAD2413077,
CAD2413078,
CAD2413079,
CAD2413080,
CAD2413081,
CAD2413082,
CAD2413083,
CAD2413084,
CAD2413085,
CAD2413086,
CAD2413087,
CAD2413088,
CAD2413089,
CAD2413090,
CAD2413091,
CAD2413092,
CAD2413093,
CAD2413094,
CAD2413095,
CAD2413096,
CAD2413097,
CAD2413098,
CAD2413099,
CAD2413100,
CAD2413101,
CAD2413102,
CAD2413103,
CAD2413104,
CAD2413105,
CAD2413106,
CAD2413107,
CAD2413108,
CAD2413109,
CAD2413110,
CAD2413111,
CAD2413112,
CAD2413113,
CAD2413114,
CAD2413115,
CAD2413116,
CAD2413117,
CAD2413118,
CAD2413119,
CAD2413120,
CAD2413121,
CAD2413122,
CAD2413123,
CAD2413124,
CAD2413125,
CAD2413126,
CAD2413127,
CAD2413128,
CAD2413129,
CAD2413130,
CAD2413131,
CAD2413132,
CAD2413133,
CAD2413134,
CAD2413135,
CAD2413136,
CAD2413137,
CAD2413138,
CAD2413139,
CAD2413140,
CAD2413141,
CAD2413142,
CAD2413143,
CAD2413144,
CAD2413145,
CAD2413146,
CAD2413147,
CAD2413148,
CAD2413149,
CAD2413150,
CAD2413151,
CAD2413152,
CAD2413153,
CAD2413154,
CAD2413155,
CAD2413156,
CAD2413157,
CAD2413158,
CAD2413159,
CAD2413160,
CAD2413161,
CAD2413162,
CAD2413163,
CAD2413164,
CAD2413165,
CAD2413166,
CAD2413167,
CAD2413168,
CAD2413169,
CAD2413170,
CAD2413171,
CAD2413172,
CAD2413173,
CAD2413174,
CAD2413175,
CAD2413176,
CAD2413177,
CAD2413178,
CAD2413179,
CAD2413180,
CAD2413181,
CAD2413182,
CAD2413183,
CAD2413184,
CAD2413185,
CAD2413186,
CAD2413187,
CAD2413188,
CAD2413189,
CAD2413190,
CAD2413191,
CAD2413192,
CAD2413193,
CAD2413194,
CAD2413195,
CAD2413196,
CAD2413197,
CAD2413198,
CAD2413199,
CAD2413200,
CAD2413201,
CAD2413202,
CAD2413203,
CAD2413204,
CAD2413205,
CAD2413206,
CAD2413207,
CAD2413208,
CAD2413209,
CAD2413210,
CAD2413211,
CAD2413212,
CAD2413213,
CAD2413214,
CAD2413215,
CAD2413216,
CAD2413217,
CAD2413218,
CAD2413219,
CAD2413220,
CAD2413221,
CAD2413222,
CAD2413223,
CAD2413224,
CAD2413225,
CAD2413226,
CAD2413227,
CAD2413228,
CAD2413229,
CAD2413230,
CAD2413231,
CAD2413232,
CAD2413233,
CAD2413234,
CAD2413235,
CAD2413236,
CAD2413237,
CAD2413238,
CAD2413239,
CAD2413240,
CAD2413241,
CAD2413242,
CAD2413243,
CAD2413244,
CAD2413245,
CAD2413246,
CAD2413247,
CAD2413248,
CAD2413249,
CAD2413250,
CAD2413251,
CAD2413252,
CAD2413253,
CAD2413254,
CAD2413255,
CAD2413256,
CAD2413257,
CAD2413258,
CAD2413259,
CAD2413260,
CAD2413261,
CAD2413262,
CAD2413263,
CAD2413264,
CAD2413265,
CAD2413266,
CAD2413267,
CAD2413268,
CAD2413269,
CAD2413270,
CAD2413271,
CAD2413272,
CAD2413273,
CAD2413274,
CAD2413275,
CAD2413276,
CAD2413277,
CAD2413278,
CAD2413279,
CAD2413280,
CAD2413281,
CAD2413282,
CAD2413283,
CAD2413284,
CAD2413285,
CAD2413286,
CAD2413287,
CAD2413288,
CAD2413289,
CAD2413290,
CAD2413291,
CAD2413292,
CAD2413293,
CAD2413294,
CAD2413295,
CAD2413296,
CAD2413297,
CAD2413298,
CAD2413299,
CAD2413300,
CAD2413301,
CAD2413302,
CAD2413303,
CAD2413304,
CAD2413305,
CAD2413306,
CAD2413307,
CAD2413308,
CAD2413309,
CAD2413310,
CAD2413311,
CAD2413312,
CAD2413313,
CAD2413314,
CAD2413315,
CAD2413316,
CAD2413317,
CAD2413318,
CAD2413319,
CAD2413320,
CAD2413321,
CAD2413322,
CAD2413323,
CAD2413324,
CAD2413325,
CAD2413326,
CAD2413327,
CAD2413328,
CAD2413329,
CAD2413330,
CAD2413331,
CAD2413332,
CAD2413333,
CAD2413334,
CAD2413335,
CAD2413336,
CAD2413337,
CAD2413338,
CAD2413339,
CAD2413340,
CAD2413341,
CAD2413342,
CAD2413343,
CAD2413344,
CAD2413345,
CAD2413346,
CAD2413347,
CAD2413348,
CAD2413349,
CAD2413350,
CAD2413351,
CAD2413352,
CAD2413353,
CAD2413354,
CAD2413355,
CAD2413356,
CAD2413357,
CAD2413358,
CAD2413359,
CAD2413360,
CAD2413361,
CAD2413362,
CAD2413363,
CAD2413364,
CAD2413365,
CAD2413366,
CAD2413367,
CAD2413368,
CAD2413369,
CAD2413370,
CAD2413371,
CAD2413372,
CAD2413373,
CAD2413374,
CAD2413375,
CAD2413376,
CAD2413377,
CAD2413378,
CAD2413379,
CAD2413380,
CAD2413381,
CAD2413382,
CAD2413383,
CAD2413384,
CAD2413385,
CAD2413386,
CAD2413387,
CAD2413388,
CAD2413389,
CAD2413390,
CAD2413391,
CAD2413392,
CAD2413393,
CAD2413394,
CAD2413395,
CAD2413396,
CAD2413397,
CAD2413398,
CAD2413399,
CAD2413400,
CAD2413401,
CAD2413402,
CAD2413403,
CAD2413404,
CAD2413405,
CAD2413406,
CAD2413407,
CAD2413408,
CAD2413409,
CAD2413410,
CAD2413411,
CAD2413412,
CAD2413413,
CAD2413414,
CAD2413415,
CAD2413416,
CAD2413417,
CAD2413418,
CAD2413419,
CAD2413420,
CAD2413421,
CAD2413422,
CAD2413423,
CAD2413424,
CAD2413425,
CAD2413426,
CAD2413427,
CAD2413428,
CAD2413429,
CAD2413430,
CAD2413431,
CAD2413432,
CAD2413433,
CAD2413434,
CAD2413435,
CAD2413436,
CAD2413437,
CAD2413438,
CAD2413439,
CAD2413440,
CAD2413441,
CAD2413442,
CAD2413443,
CAD2413444,
CAD2413445,
CAD2413446,
CAD2413447,
CAD2413448,
CAD2413449,
CAD2413450,
CAD2413451,
CAD2413452,
CAD2413453,
CAD2413454,
CAD2413455,
CAD2413456,
CAD2413457,
CAD2413458,
CAD2413459,
CAD2413460,
CAD2413461,
CAD2413462,
CAD2413463,
CAD2413464,
CAD2413465,
CAD2413466,
CAD2413467,
CAD2413468,
CAD2413469,
CAD2413470,
CAD2413471,
CAD2413472,
CAD2413473,
CAD2413474,
CAD2413475,
CAD2413476,
CAD2413477,
CAD2413478,
CAD2413479,
CAD2413480,
CAD2413481,
CAD2413482,
CAD2413483,
CAD2413484,
CAD2413485,
CAD2413486,
CAD2413487,
CAD2413488,
CAD2413489,
CAD2413490,
CAD2413491,
CAD2413492,
CAD2413493,
CAD2413494,
CAD2413495,
CAD2413496,
CAD2413497,
CAD2413498,
CAD2413499,
CAD2413500,
CAD2413501,
CAD2413502,
CAD2413503,
CAD2413504,
CAD2413505,
CAD2413506,
CAD2413507,
CAD2413508,
CAD2413509,
CAD2413510,
CAD2413511,
CAD2413512,
CAD2413513,
CAD2413514,
CAD2413515,
CAD2413516,
CAD2413517,
CAD2413518,
CAD2413519,
CAD2413520,
CAD2413521,
CAD2413522,
CAD2413523,
CAD2413524,
CAD2413525,
CAD2413526,
CAD2413527,
CAD2413528,
CAD2413529,
CAD2413530,
CAD2413531,
CAD2413532,
CAD2413533,
CAD2413534,
CAD2413535,
CAD2413536,
CAD2413537,
CAD2413538,
CAD2413539,
CAD2413540,
CAD2413541,
CAD2413542,
CAD2413543,
CAD2413544,
CAD2413545,
CAD2413546,
CAD2413547,
CAD2413548,
CAD2413549,
CAD2413550,
CAD2413551,
CAD2413552,
CAD2413553,
CAD2413554,
CAD2413555,
CAD2413556,
CAD2413557,
CAD2413558,
CAD2413559,
CAD2413560,
CAD2413561,
CAD2413562,
CAD2413563,
CAD2413564,
CAD2413565,
CAD2413566,
CAD2413567,
CAD2413568,
CAD2413569,
CAD2413570,
CAD2413571,
CAD2413572,
CAD2413573,
CAD2413574,
CAD2413575,
CAD2413576,
CAD2413577,
CAD2413578,
CAD2413579,
CAD2413580,
CAD2413581,
CAD2413582,
CAD2413583,
CAD2413584,
CAD2413585,
CAD2413586,
CAD2413587,
CAD2413588,
CAD2413589,
CAD2413590,
CAD2413591,
CAD2413592,
CAD2413593,
CAD2413594,
CAD2413595,
CAD2413596,
CAD2413597,
CAD2413598,
CAD2413599,
CAD2413600,
CAD2413601,
CAD2413602,
CAD2413603,
CAD2413604,
CAD2413605,
CAD2413606,
CAD2413607,
CAD2413608,
CAD2413609,
CAD2413610,
CAD2413611,
CAD2413612,
CAD2413613,
CAD2413614,
CAD2413615,
CAD2413616,
CAD2413617,
CAD2413618,
CAD2413619,
CAD2413620,
CAD2413621,
CAD2413622,
CAD2413623,
CAD2413624,
CAD2413625,
CAD2413626,
CAD2413627,
CAD2413628,
CAD2413629,
CAD2413630,
CAD2413631,
CAD2413632,
CAD2413633,
CAD2413634,
CAD2413635,
CAD2413636,
CAD2413637,
CAD2413638,
CAD2413639,
CAD2413640,
CAD2413641,
CAD2413642,
CAD2413643,
CAD2413644,
CAD2413645,
CAD2413646,
CAD2413647,
CAD2413648,
CAD2413649,
CAD2413650,
CAD2413651,
CAD2413652,
CAD2413653,
CAD2413654,
CAD2413655,
CAD2413656,
CAD2413657,
CAD2413658,
CAD2413659,
CAD2413660,
CAD2413661,
CAD2413662,
CAD2413663,
CAD2413664,
CAD2413665,
CAD2413666,
CAD2413667,
CAD2413668,
CAD2413669,
CAD2413670,
CAD2413671,
CAD2413672,
CAD2413673,
CAD2413674,
CAD2413675,
CAD2413676,
CAD2413677,
CAD2413678,
CAD2413679,
CAD2413680,
CAD2413681,
CAD2413682,
CAD2413683,
CAD2413684,
CAD2413685,
CAD2413686,
CAD2413687,
CAD2413688,
CAD2413689,
CAD2413690,
CAD2413691,
CAD2413692,
CAD2413693,
CAD2413694,
CAD2413695,
CAD2413696,
CAD2413697,
CAD2413698,
CAD2413699,
CAD2413700,
CAD2413701,
CAD2413702,
CAD2413703,
CAD2413704,
CAD2413705,
CAD2413706,
CAD2413707,
CAD2413708,
CAD2413709,
CAD2413710,
CAD2413711,
CAD2413712,
CAD2413713,
CAD2413714,
CAD2413715,
CAD2413716,
CAD2413717,
CAD2413718,
CAD2413719,
CAD2413720,
CAD2413721,
CAD2413722,
CAD2413723,
CAD2413724,
CAD2413725,
CAD2413726,
CAD2413727,
CAD2413728,
CAD2413729,
CAD2413730,
CAD2413731,
CAD2413732,
CAD2413733,
CAD2413734,
CAD2413735,
CAD2413736,
CAD2413737,
CAD2413738,
CAD2413739,
CAD2413740,
CAD2413741,
CAD2413742,
CAD2413743,
CAD2413744,
CAD2413745,
CAD2413746,
CAD2413747,
CAD2413748,
CAD2413749,
CAD2413750,
CAD2413751,
CAD2413752,
CAD2413753,
CAD2413754,
CAD2413755,
CAD2413756,
CAD2413757,
CAD2413758,
CAD2413759,
CAD2413760,
CAD2413761,
CAD2413762,
CAD2413763,
CAD2413764,
CAD2413765,
CAD2413766,
CAD2413767,
CAD2413768,
CAD2413769,
CAD2413770,
CAD2413771,
CAD2413772,
CAD2413773,
CAD2413774,
CAD2413775,
CAD2413776,
CAD2413777,
CAD2413778,
CAD2413779,
CAD2413780,
CAD2413781,
CAD2413782,
CAD2413783,
CAD2413784,
CAD2413785,
CAD2413786,
CAD2413787,
CAD2413788,
CAD2413789,
CAD2413790,
CAD2413791,
CAD2413792,
CAD2413793,
CAD2413794,
CAD2413795,
CAD2413796,
CAD2413797,
CAD2413798,
CAD2413799,
CAD2413800,
CAD2413801,
CAD2413802,
CAD2413803,
CAD2413804,
CAD2413805,
CAD2413806,
CAD2413807,
CAD2413808,
CAD2413809,
CAD2413810,
CAD2413811,
CAD2413812,
CAD2413813,
CAD2413814,
CAD2413815,
CAD2413816,
CAD2413817,
CAD2413818,
CAD2413819,
CAD2413820,
CAD2413821,
CAD2413822,
CAD2413823,
CAD2413824,
CAD2413825,
CAD2413826,
CAD2413827,
CAD2413828,
CAD2413829,
CAD2413830,
CAD2413831,
CAD2413832,
CAD2413833,
CAD2413834,
CAD2413835,
CAD2413836,
CAD2413837,
CAD2413838,
CAD2413839,
CAD2413840,
CAD2413841,
CAD2413842,
CAD2413843,
CAD2413844,
CAD2413845,
CAD2413846,
CAD2413847,
CAD2413848,
CAD2413849,
CAD2413850,
CAD2413851,
CAD2413852,
CAD2413853,
CAD2413854,
CAD2413855,
CAD2413856,
CAD2413857,
CAD2413858,
CAD2413859,
CAD2413860,
CAD2413861,
CAD2413862,
CAD2413863,
CAD2413864,
CAD2413865,
CAD2413866,
CAD2413867,
CAD2413868,
CAD2413869,
CAD2413870,
CAD2413871,
CAD2413872,
CAD2413873,
CAD2413874,
CAD2413875,
CAD2413876,
CAD2413877,
CAD2413878,
CAD2413879,
CAD2413880,
CAD2413881,
CAD2413882,
CAD2413883,
CAD2413884,
CAD2413885,
CAD2413886,
CAD2413887,
CAD2413888,
CAD2413889,
CAD2413890,
CAD2413891,
CAD2413892,
CAD2413893,
CAD2413894,
CAD2413895,
CAD2413896,
CAD2413897,
CAD2413898,
CAD2413899,
CAD2413900,
CAD2413901,
CAD2413902,
CAD2413903,
CAD2413904,
CAD2413905,
CAD2413906,
CAD2413907,
CAD2413908,
CAD2413909,
CAD2413910,
CAD2413911,
CAD2413912,
CAD2413913,
CAD2413914,
CAD2413915,
CAD2413916,
CAD2413917,
CAD2413918,
CAD2413919,
CAD2413920,
CAD2413921,
CAD2413922,
CAD2413923,
CAD2413924,
CAD2413925,
CAD2413926,
CAD2413927,
CAD2413928,
CAD2413929,
CAD2413930,
CAD2413931,
CAD2413932,
CAD2413933,
CAD2413934,
CAD2413935,
CAD2413936,
CAD2413937,
CAD2413938,
CAD2413939,
CAD2413940,
CAD2413941,
CAD2413942,
CAD2413943,
CAD2413944,
CAD2413945,
CAD2413946,
CAD2413947,
CAD2413948,
CAD2413949,
CAD2413950,
CAD2413951,
CAD2413952,
CAD2413953,
CAD2413954,
CAD2413955,
CAD2413956,
CAD2413957,
CAD2413958,
CAD2413959,
CAD2413960,
CAD2413961,
CAD2413962,
CAD2413963,
CAD2413964,
CAD2413965,
CAD2413966,
CAD2413967,
CAD2413968,
CAD2413969,
CAD2413970,
CAD2413971,
CAD2413972,
CAD2413973,
CAD2413974,
CAD2413975,
CAD2413976,
CAD2413977,
CAD2413978,
CAD2413979,
CAD2413980,
CAD2413981,
CAD2413982,
CAD2413983,
CAD2413984,
CAD2413985,
CAD2413986,
CAD2413987,
CAD2413988,
CAD2413989,
CAD2413990,
CAD2413991,
CAD2413992,
CAD2413993,
CAD2413994,
CAD2413995,
CAD2413996,
CAD2413997,
CAD2413998,
CAD2413999,
CAD2414000,
CAD2414001,
CAD2414002,
CAD2414003,
CAD2414004,
CAD2414005,
CAD2414006,
CAD2414007,
CAD2414008,
CAD2414009,
CAD2414010,
CAD2414011,
CAD2414012,
CAD2414013,
CAD2414014,
CAD2414015,
CAD2414016,
CAD2414017,
CAD2414018,
CAD2414019,
CAD2414020,
CAD2414021,
CAD2414022,
CAD2414023,
CAD2414024,
CAD2414025,
CAD2414026,
CAD2414027,
CAD2414028,
CAD2414029,
CAD2414030,
CAD2414031,
CAD2414032,
CAD2414033,
CAD2414034,
CAD2414035,
CAD2414036,
CAD2414037,
CAD2414038,
CAD2414039,
CAD2414040,
CAD2414041,
CAD2414042,
CAD2414043,
CAD2414044,
CAD2414045,
CAD2414046,
CAD2414047,
CAD2414048,
CAD2414049,
CAD2414050,
CAD2414051,
CAD2414052,
CAD2414053,
CAD2414054,
CAD2414055,
CAD2414056,
CAD2414057,
CAD2414058,
CAD2414059,
CAD2414060,
CAD2414061,
CAD2414062,
CAD2414063,
CAD2414064,
CAD2414065,
CAD2414066,
CAD2414067,
CAD2414068,
CAD2414069,
CAD2414070,
CAD2414071,
CAD2414072,
CAD2414073,
CAD2414074,
CAD2414075,
CAD2414076,
CAD2414077,
CAD2414078,
CAD2414079,
CAD2414080,
CAD2414081,
CAD2414082,
CAD2414083,
CAD2414084,
CAD2414085,
CAD2414086,
CAD2414087,
CAD2414088,
CAD2414089,
CAD2414090,
CAD2414091,
CAD2414092,
CAD2414093,
CAD2414094,
CAD2414095,
CAD2414096,
CAD2414097,
CAD2414098,
CAD2414099,
CAD2414100,
CAD2414101,
CAD2414102,
CAD2414103,
CAD2414104,
CAD2414105,
CAD2414106,
CAD2414107,
CAD2414108,
CAD2414109,
CAD2414110,
CAD2414111,
CAD2414112,
CAD2414113,
CAD2414114,
CAD2414115,
CAD2414116,
CAD2414117,
CAD2414118,
CAD2414119,
CAD2414120,
CAD2414121,
CAD2414122,
CAD2414123,
CAD2414124,
CAD2414125,
CAD2414126,
CAD2414127,
CAD2414128,
CAD2414129,
CAD2414130,
CAD2414131,
CAD2414132,
CAD2414133,
CAD2414134,
CAD2414135,
CAD2414136,
CAD2414137,
CAD2414138,
CAD2414139,
CAD2414140,
CAD2414141,
CAD2414142,
CAD2414143,
CAD2414144,
CAD2414145,
CAD2414146,
CAD2414147,
CAD2414148,
CAD2414149,
CAD2414150,
CAD2414151,
CAD2414152,
CAD2414153,
CAD2414154,
CAD2414155,
CAD2414156,
CAD2414157,
CAD2414158,
CAD2414159,
CAD2414160,
CAD2414161,
CAD2414162,
CAD2414163,
CAD2414164,
CAD2414165,
CAD2414166,
CAD2414167,
CAD2414168,
CAD2414169,
CAD2414170,
CAD2414171,
CAD2414172,
CAD2414173,
CAD2414174,
CAD2414175,
CAD2414176,
CAD2414177,
CAD2414178,
CAD2414179,
CAD2414180,
CAD2414181,
CAD2414182,
CAD2414183,
CAD2414184,
CAD2414185,
CAD2414186,
CAD2414187,
CAD2414188,
CAD2414189,
CAD2414190,
CAD2414191,
CAD2414192,
CAD2414193,
CAD2414194,
CAD2414195,
CAD2414196,
CAD2414197,
CAD2414198,
CAD2414199,
CAD2414200,
CAD2414201,
CAD2414202,
CAD2414203,
CAD2414204,
CAD2414205,
CAD2414206,
CAD2414207,
CAD2414208,
CAD2414209,
CAD2414210,
CAD2414211,
CAD2414212,
CAD2414213,
CAD2414214,
CAD2414215,
CAD2414216,
CAD2414217,
CAD2414218,
CAD2414219,
CAD2414220,
CAD2414221,
CAD2414222,
CAD2414223,
CAD2414224,
CAD2414225,
CAD2414226,
CAD2414227,
CAD2414228,
CAD2414229,
CAD2414230,
CAD2414231,
CAD2414232,
CAD2414233,
CAD2414234,
CAD2414235,
CAD2414236,
CAD2414237,
CAD2414238,
CAD2414239,
CAD2414240,
CAD2414241,
CAD2414242,
CAD2414243,
CAD2414244,
CAD2414245,
CAD2414246,
CAD2414247,
CAD2414248,
CAD2414249,
CAD2414250,
CAD2414251,
CAD2414252,
CAD2414253,
CAD2414254,
CAD2414255,
CAD2414256,
CAD2414257,
CAD2414258,
CAD2414259,
CAD2414260,
CAD2414261,
CAD2414262,
CAD2414263,
CAD2414264,
CAD2414265,
CAD2414266,
CAD2414267,
CAD2414268,
CAD2414269,
CAD2414270,
CAD2414271,
CAD2414272,
CAD2414273,
CAD2414274,
CAD2414275,
CAD2414276,
CAD2414277,
CAD2414278,
CAD2414279,
CAD2414280,
CAD2414281,
CAD2414282,
CAD2414283,
CAD2414284,
CAD2414285,
CAD2414286,
CAD2414287,
CAD2414288,
CAD2414289,
CAD2414290,
CAD2414291,
CAD2414292,
CAD2414293,
CAD2414294,
CAD2414295,
CAD2414296,
CAD2414297,
CAD2414298,
CAD2414299,
CAD2414300,
CAD2414301,
CAD2414302,
CAD2414303,
CAD2414304,
CAD2414305,
CAD2414306,
CAD2414307,
CAD2414308,
CAD2414309,
CAD2414310,
CAD2414311,
CAD2414312,
CAD2414313,
CAD2414314,
CAD2414315,
CAD2414316,
CAD2414317,
CAD2414318,
CAD2414319,
CAD2414320,
CAD2414321,
CAD2414322,
CAD2414323,
CAD2414324,
CAD2414325,
CAD2414326,
CAD2414327,
CAD2414328,
CAD2414329,
CAD2414330,
CAD2414331,
CAD2414332,
CAD2414333,
CAD2414334,
CAD2414335,
CAD2414336,
CAD2414337,
CAD2414338,
CAD2414339,
CAD2414340,
CAD2414341,
CAD2414342,
CAD2414343,
CAD2414344,
CAD2414345,
CAD2414346,
CAD2414347,
CAD2414348,
CAD2414349,
CAD2414350,
CAD2414351,
CAD2414352,
CAD2414353,
CAD2414354,
CAD2414355,
CAD2414356,
CAD2414357,
CAD2414358,
CAD2414359,
CAD2414360,
CAD2414361,
CAD2414362,
CAD2414363,
CAD2414364,
CAD2414365,
CAD2414366,
CAD2414367,
CAD2414368,
CAD2414369,
CAD2414370,
CAD2414371,
CAD2414372,
CAD2414373,
CAD2414374,
CAD2414375,
CAD2414376,
CAD2414377,
CAD2414378,
CAD2414379,
CAD2414380,
CAD2414381,
CAD2414382,
CAD2414383,
CAD2414384,
CAD2414385,
CAD2414386,
CAD2414387,
CAD2414388,
CAD2414389,
CAD2414390,
CAD2414391,
CAD2414392,
CAD2414393,
CAD2414394,
CAD2414395,
CAD2414396,
CAD2414397,
CAD2414398,
CAD2414399,
CAD2414400,
CAD2414401,
CAD2414402,
CAD2414403,
CAD2414404,
CAD2414405,
CAD2414406,
CAD2414407,
CAD2414408,
CAD2414409,
CAD2414410,
CAD2414411,
CAD2414412,
CAD2414413,
CAD2414414,
CAD2414415,
CAD2414416,
CAD2414417,
CAD2414418,
CAD2414419,
CAD2414420,
CAD2414421,
CAD2414422,
CAD2414423,
CAD2414424,
CAD2414425,
CAD2414426,
CAD2414427,
CAD2414428,
CAD2414429,
CAD2414430,
CAD2414431,
CAD2414432,
CAD2414433,
CAD2414434,
CAD2414435,
CAD2414436,
CAD2414437,
CAD2414438,
CAD2414439,
CAD2414440,
CAD2414441,
CAD2414442,
CAD2414443,
CAD2414444,
CAD2414445,
CAD2414446,
CAD2414447,
CAD2414448,
CAD2414449,
CAD2414450,
CAD2414451,
CAD2414452,
CAD2414453,
CAD2414454,
CAD2414455,
CAD2414456,
CAD2414457,
CAD2414458,
CAD2414459,
CAD2414460,
CAD2414461,
CAD2414462,
CAD2414463,
CAD2414464,
CAD2414465,
CAD2414466,
CAD2414467,
CAD2414468,
CAD2414469,
CAD2414470,
CAD2414471,
CAD2414472,
CAD2414473,
CAD2414474,
CAD2414475,
CAD2414476,
CAD2414477,
CAD2414478,
CAD2414479,
CAD2414480,
CAD2414481,
CAD2414482,
CAD2414483,
CAD2414484,
CAD2414485,
CAD2414486,
CAD2414487,
CAD2414488,
CAD2414489,
CAD2414490,
CAD2414491,
CAD2414492,
CAD2414493,
CAD2414494,
CAD2414495,
CAD2414496,
CAD2414497,
CAD2414498,
CAD2414499,
CAD2414500,
CAD2414501,
CAD2414502,
CAD2414503,
CAD2414504,
CAD2414505,
CAD2414506,
CAD2414507,
CAD2414508,
CAD2414509,
CAD2414510,
CAD2414511,
CAD2414512,
CAD2414513,
CAD2414514,
CAD2414515,
CAD2414516,
CAD2414517,
CAD2414518,
CAD2414519,
CAD2414520,
CAD2414521,
CAD2414522,
CAD2414523,
CAD2414524,
CAD2414525,
CAD2414526,
CAD2414527,
CAD2414528,
CAD2414529,
CAD2414530,
CAD2414531,
CAD2414532,
CAD2414533,
CAD2414534,
CAD2414535,
CAD2414536,
CAD2414537,
CAD2414538,
CAD2414539,
CAD2414540,
CAD2414541,
CAD2414542,
CAD2414543,
CAD2414544,
CAD2414545,
CAD2414546,
CAD2414547,
CAD2414548,
CAD2414549,
CAD2414550,
CAD2414551,
CAD2414552,
CAD2414553,
CAD2414554,
CAD2414555,
CAD2414556,
CAD2414557,
CAD2414558,
CAD2414559,
CAD2414560,
CAD2414561,
CAD2414562,
CAD2414563,
CAD2414564,
CAD2414565,
CAD2414566,
CAD2414567,
CAD2414568,
CAD2414569,
CAD2414570,
CAD2414571,
CAD2414572,
CAD2414573,
CAD2414574,
CAD2414575,
CAD2414576,
CAD2414577,
CAD2414578,
CAD2414579,
CAD2414580,
CAD2414581,
CAD2414582,
CAD2414583,
CAD2414584,
CAD2414585,
CAD2414586,
CAD2414587,
CAD2414588,
CAD2414589,
CAD2414590,
CAD2414591,
CAD2414592,
CAD2414593,
CAD2414594,
CAD2414595,
CAD2414596,
CAD2414597,
CAD2414598,
CAD2414599,
CAD2414600,
CAD2414601,
CAD2414602,
CAD2414603,
CAD2414604,
CAD2414605,
CAD2414606,
CAD2414607,
CAD2414608,
CAD2414609,
CAD2414610,
CAD2414611,
CAD2414612,
CAD2414613,
CAD2414614,
CAD2414615,
CAD2414616,
CAD2414617,
CAD2414618,
CAD2414619,
CAD2414620,
CAD2414621,
CAD2414622,
CAD2414623,
CAD2414624,
CAD2414625,
CAD2414626,
CAD2414627,
CAD2414628,
CAD2414629,
CAD2414630,
CAD2414631,
CAD2414632,
CAD2414633,
CAD2414634,
CAD2414635,
CAD2414636,
CAD2414637,
CAD2414638,
CAD2414639,
CAD2414640,
CAD2414641,
CAD2414642,
CAD2414643,
CAD2414644,
CAD2414645,
CAD2414646,
CAD2414647,
CAD2414648,
CAD2414649,
CAD2414650,
CAD2414651,
CAD2414652,
CAD2414653,
CAD2414654,
CAD2414655,
CAD2414656,
CAD2414657,
CAD2414658,
CAD2414659,
CAD2414660,
CAD2414661,
CAD2414662,
CAD2414663,
CAD2414664,
CAD2414665,
CAD2414666,
CAD2414667,
CAD2414668,
CAD2414669,
CAD2414670,
CAD2414671,
CAD2414672,
CAD2414673,
CAD2414674,
CAD2414675,
CAD2414676,
CAD2414677,
CAD2414678,
CAD2414679,
CAD2414680,
CAD2414681,
CAD2414682,
CAD2414683,
CAD2414684,
CAD2414685,
CAD2414686,
CAD2414687,
CAD2414688,
CAD2414689,
CAD2414690,
CAD2414691,
CAD2414692,
CAD2414693,
CAD2414694,
CAD2414695,
CAD2414696,
CAD2414697,
CAD2414698,
CAD2414699,
CAD2414700,
CAD2414701,
CAD2414702,
CAD2414703,
CAD2414704,
CAD2414705,
CAD2414706,
CAD2414707,
CAD2414708,
CAD2414709,
CAD2414710,
CAD2414711,
CAD2414712,
CAD2414713,
CAD2414714,
CAD2414715,
CAD2414716,
CAD2414717,
CAD2414718,
CAD2414719,
CAD2414720,
CAD2414721,
CAD2414722,
CAD2414723,
CAD2414724,
CAD2414725,
CAD2414726,
CAD2414727,
CAD2414728,
CAD2414729,
CAD2414730,
CAD2414731,
CAD2414732,
CAD2414733,
CAD2414734,
CAD2414735,
CAD2414736,
CAD2414737,
CAD2414738,
CAD2414739,
CAD2414740,
CAD2414741,
CAD2414742,
CAD2414743,
CAD2414744,
CAD2414745,
CAD2414746,
CAD2414747,
CAD2414748,
CAD2414749,
CAD2414750,
CAD2414751,
CAD2414752,
CAD2414753,
CAD2414754,
CAD2414755,
CAD2414756,
CAD2414757,
CAD2414758,
CAD2414759,
CAD2414760,
CAD2414761,
CAD2414762,
CAD2414763,
CAD2414764,
CAD2414765,
CAD2414766,
CAD2414767,
CAD2414768,
CAD2414769,
CAD2414770,
CAD2414771,
CAD2414772,
CAD2414773,
CAD2414774,
CAD2414775,
CAD2414776,
CAD2414777,
CAD2414778,
CAD2414779,
CAD2414780,
CAD2414781,
CAD2414782,
CAD2414783,
CAD2414784,
CAD2414785,
CAD2414786,
CAD2414787,
CAD2414788,
CAD2414789,
CAD2414790,
CAD2414791,
CAD2414792,
CAD2414793,
CAD2414794,
CAD2414795,
CAD2414796,
CAD2414797,
CAD2414798,
CAD2414799,
CAD2414800,
CAD2414801,
CAD2414802,
CAD2414803,
CAD2414804,
CAD2414805,
CAD2414806,
CAD2414807,
CAD2414808,
CAD2414809,
CAD2414810,
CAD2414811,
CAD2414812,
CAD2414813,
CAD2414814,
CAD2414815,
CAD2414816,
CAD2414817,
CAD2414818,
CAD2414819,
CAD2414820,
CAD2414821,
CAD2414822,
CAD2414823,
CAD2414824,
CAD2414825,
CAD2414826,
CAD2414827,
CAD2414828,
CAD2414829,
CAD2414830,
CAD2414831,
CAD2414832,
CAD2414833,
CAD2414834,
CAD2414835,
CAD2414836,
CAD2414837,
CAD2414838,
CAD2414839,
CAD2414840,
CAD2414841,
CAD2414842,
CAD2414843,
CAD2414844,
CAD2414845,
CAD2414846,
CAD2414847,
CAD2414848,
CAD2414849,
CAD2414850,
CAD2414851,
CAD2414852,
CAD2414853,
CAD2414854,
CAD2414855,
CAD2414856,
CAD2414857,
CAD2414858,
CAD2414859,
CAD2414860,
CAD2414861,
CAD2414862,
CAD2414863,
CAD2414864,
CAD2414865,
CAD2414866,
CAD2414867,
CAD2414868,
CAD2414869,
CAD2414870,
CAD2414871,
CAD2414872,
CAD2414873,
CAD2414874,
CAD2414875,
CAD2414876,
CAD2414877,
CAD2414878,
CAD2414879,
CAD2414880,
CAD2414881,
CAD2414882,
CAD2414883,
CAD2414884,
CAD2414885,
CAD2414886,
CAD2414887,
CAD2414888,
CAD2414889,
CAD2414890,
CAD2414891,
CAD2414892,
CAD2414893,
CAD2414894,
CAD2414895,
CAD2414896,
CAD2414897,
CAD2414898,
CAD2414899,
CAD2414900,
CAD2414901,
CAD2414902,
CAD2414903,
CAD2414904,
CAD2414905,
CAD2414906,
CAD2414907,
CAD2414908,
CAD2414909,
CAD2414910,
CAD2414911,
CAD2414912,
CAD2414913,
CAD2414914,
CAD2414915,
CAD2414916,
CAD2414917,
CAD2414918,
CAD2414919,
CAD2414920,
CAD2414921,
CAD2414922,
CAD2414923,
CAD2414924,
CAD2414925,
CAD2414926,
CAD2414927,
CAD2414928,
CAD2414929,
CAD2414930,
CAD2414931,
CAD2414932,
CAD2414933,
CAD2414934,
CAD2414935,
CAD2414936,
CAD2414937,
CAD2414938,
CAD2414939,
CAD2414940,
CAD2414941,
CAD2414942,
CAD2414943,
CAD2414944,
CAD2414945,
CAD2414946,
CAD2414947,
CAD2414948,
CAD2414949,
CAD2414950,
CAD2414951,
CAD2414952,
CAD2414953,
CAD2414954,
CAD2414955,
CAD2414956,
CAD2414957,
CAD2414958,
CAD2414959,
CAD2414960,
CAD2414961,
CAD2414962,
CAD2414963,
CAD2414964,
CAD2414965,
CAD2414966,
CAD2414967,
CAD2414968,
CAD2414969,
CAD2414970,
CAD2414971,
CAD2414972,
CAD2414973,
CAD2414974,
CAD2414975,
CAD2414976,
CAD2414977,
CAD2414978,
CAD2414979,
CAD2414980,
CAD2414981,
CAD2414982,
CAD2414983,
CAD2414984,
CAD2414985,
CAD2414986,
CAD2414987,
CAD2414988,
CAD2414989,
CAD2414990,
CAD2414991,
CAD2414992,
CAD2414993,
CAD2414994,
CAD2414995,
CAD2414996,
CAD2414997,
CAD2414998,
CAD2414999,
CAD2415000,
CAD2415001,
CAD2415002,
CAD2415003,
CAD2415004,
CAD2415005,
CAD2415006,
CAD2415007,
CAD2415008,
CAD2415009,
CAD2415010,
CAD2415011,
CAD2415012,
CAD2415013,
CAD2415014,
CAD2415015,
CAD2415016,
CAD2415017,
CAD2415018,
CAD2415019,
CAD2415020,
CAD2415021,
CAD2415022,
CAD2415023,
CAD2415024,
CAD2415025,
CAD2415026,
CAD2415027,
CAD2415028,
CAD2415029,
CAD2415030,
CAD2415031,
CAD2415032,
CAD2415033,
CAD2415034,
CAD2415035,
CAD2415036,
CAD2415037,
CAD2415038,
CAD2415039,
CAD2415040,
CAD2415041,
CAD2415042,
CAD2415043,
CAD2415044,
CAD2415045,
CAD2415046,
CAD2415047,
CAD2415048,
CAD2415049,
CAD2415050,
CAD2415051,
CAD2415052,
CAD2415053,
CAD2415054,
CAD2415055,
CAD2415056,
CAD2415057,
CAD2415058,
CAD2415059,
CAD2415060,
CAD2415061,
CAD2415062,
CAD2415063,
CAD2415064,
CAD2415065,
CAD2415066,
CAD2415067,
CAD2415068,
CAD2415069,
CAD2415070,
CAD2415071,
CAD2415072,
CAD2415073,
CAD2415074,
CAD2415075,
CAD2415076,
CAD2415077,
CAD2415078,
CAD2415079,
CAD2415080,
CAD2415081,
CAD2415082,
CAD2415083,
CAD2415084,
CAD2415085,
CAD2415086,
CAD2415087,
CAD2415088,
CAD2415089,
CAD2415090,
CAD2415091,
CAD2415092,
CAD2415093,
CAD2415094,
CAD2415095,
CAD2415096,
CAD2415097,
CAD2415098,
CAD2415099,
CAD2415100,
CAD2415101,
CAD2415102,
CAD2415103,
CAD2415104,
CAD2415105,
CAD2415106,
CAD2415107,
CAD2415108,
CAD2415109,
CAD2415110,
CAD2415111,
CAD2415112,
CAD2415113,
CAD2415114,
CAD2415115,
CAD2415116,
CAD2415117,
CAD2415118,
CAD2415119,
CAD2415120,
CAD2415121,
CAD2415122,
CAD2415123,
CAD2415124,
CAD2415125,
CAD2415126,
CAD2415127,
CAD2415128,
CAD2415129,
CAD2415130,
CAD2415131,
CAD2415132,
CAD2415133,
CAD2415134,
CAD2415135,
CAD2415136,
CAD2415137,
CAD2415138,
CAD2415139,
CAD2415140,
CAD2415141,
CAD2415142,
CAD2415143,
CAD2415144,
CAD2415145,
CAD2415146,
CAD2415147,
CAD2415148,
CAD2415149,
CAD2415150,
CAD2415151,
CAD2415152,
CAD2415153,
CAD2415154,
CAD2415155,
CAD2415156,
CAD2415157,
CAD2415158,
CAD2415159,
CAD2415160,
CAD2415161,
CAD2415162,
CAD2415163,
CAD2415164,
CAD2415165,
CAD2415166,
CAD2415167,
CAD2415168,
CAD2415169,
CAD2415170,
CAD2415171,
CAD2415172,
CAD2415173,
CAD2415174,
CAD2415175,
CAD2415176,
CAD2415177,
CAD2415178,
CAD2415179,
CAD2415180,
CAD2415181,
CAD2415182,
CAD2415183,
CAD2415184,
CAD2415185,
CAD2415186,
CAD2415187,
CAD2415188,
CAD2415189,
CAD2415190,
CAD2415191,
CAD2415192,
CAD2415193,
CAD2415194,
CAD2415195,
CAD2415196,
CAD2415197,
CAD2415198,
CAD2415199,
CAD2415200,
CAD2415201,
CAD2415202,
CAD2415203,
CAD2415204,
CAD2415205,
CAD2415206,
CAD2415207,
CAD2415208,
CAD2415209,
CAD2415210,
CAD2415211,
CAD2415212,
CAD2415213,
CAD2415214,
CAD2415215,
CAD2415216,
CAD2415217,
CAD2415218,
CAD2415219,
CAD2415220,
CAD2415221,
CAD2415222,
CAD2415223,
CAD2415224,
CAD2415225,
CAD2415226,
CAD2415227,
CAD2415228,
CAD2415229,
CAD2415230,
CAD2415231,
CAD2415232,
CAD2415233,
CAD2415234,
CAD2415235,
CAD2415236,
CAD2415237,
CAD2415238,
CAD2415239,
CAD2415240,
CAD2415241,
CAD2415242,
CAD2415243,
CAD2415244,
CAD2415245,
CAD2415246,
CAD2415247,
CAD2415248,
CAD2415249,
CAD2415250,
CAD2415251,
CAD2415252,
CAD2415253,
CAD2415254,
CAD2415255,
CAD2415256,
CAD2415257,
CAD2415258,
CAD2415259,
CAD2415260,
CAD2415261,
CAD2415262,
CAD2415263,
CAD2415264,
CAD2415265,
CAD2415266,
CAD2415267,
CAD2415268,
CAD2415269,
CAD2415270,
CAD2415271,
CAD2415272,
CAD2415273,
CAD2415274,
CAD2415275,
CAD2415276,
CAD2415277,
CAD2415278,
CAD2415279,
CAD2415280,
CAD2415281,
CAD2415282,
CAD2415283,
CAD2415284,
CAD2415285,
CAD2415286,
CAD2415287,
CAD2415288,
CAD2415289,
CAD2415290,
CAD2415291,
CAD2415292,
CAD2415293,
CAD2415294,
CAD2415295,
CAD2415296,
CAD2415297,
CAD2415298,
CAD2415299,
CAD2415300,
CAD2415301,
CAD2415302,
CAD2415303,
CAD2415304,
CAD2415305,
CAD2415306,
CAD2415307,
CAD2415308,
CAD2415309,
CAD2415310,
CAD2415311,
CAD2415312,
CAD2415313,
CAD2415314,
CAD2415315,
CAD2415316,
CAD2415317,
CAD2415318,
CAD2415319,
CAD2415320,
CAD2415321,
CAD2415322,
CAD2415323,
CAD2415324,
CAD2415325,
CAD2415326,
CAD2415327,
CAD2415328,
CAD2415329,
CAD2415330,
CAD2415331,
CAD2415332,
CAD2415333,
CAD2415334,
CAD2415335,
CAD2415336,
CAD2415337,
CAD2415338,
CAD2415339,
CAD2415340,
CAD2415341,
CAD2415342,
CAD2415343,
CAD2415344,
CAD2415345,
CAD2415346,
CAD2415347,
CAD2415348,
CAD2415349,
CAD2415350,
CAD2415351,
CAD2415352,
CAD2415353,
CAD2415354,
CAD2415355,
CAD2415356,
CAD2415357,
CAD2415358,
CAD2415359,
CAD2415360,
CAD2415361,
CAD2415362,
CAD2415363,
CAD2415364,
CAD2415365,
CAD2415366,
CAD2415367,
CAD2415368,
CAD2415369,
CAD2415370,
CAD2415371,
CAD2415372,
CAD2415373,
CAD2415374,
CAD2415375,
CAD2415376,
CAD2415377,
CAD2415378,
CAD2415379,
CAD2415380,
CAD2415381,
CAD2415382,
CAD2415383,
CAD2415384,
CAD2415385,
CAD2415386,
CAD2415387,
CAD2415388,
CAD2415389,
CAD2415390,
CAD2415391,
CAD2415392,
CAD2415393,
CAD2415394,
CAD2415395,
CAD2415396,
CAD2415397,
CAD2415398,
CAD2415399,
CAD2415400,
CAD2415401,
CAD2415402,
CAD2415403,
CAD2415404,
CAD2415405,
CAD2415406,
CAD2415407,
CAD2415408,
CAD2415409,
CAD2415410,
CAD2415411,
CAD2415412,
CAD2415413,
CAD2415414,
CAD2415415,
CAD2415416,
CAD2415417,
CAD2415418,
CAD2415419,
CAD2415420,
CAD2415421,
CAD2415422,
CAD2415423,
CAD2415424,
CAD2415425,
CAD2415426,
CAD2415427,
CAD2415428,
CAD2415429,
CAD2415430,
CAD2415431,
CAD2415432,
CAD2415433,
CAD2415434,
CAD2415435,
CAD2415436,
CAD2415437,
CAD2415438,
CAD2415439,
CAD2415440,
CAD2415441,
CAD2415442,
CAD2415443,
CAD2415444,
CAD2415445,
CAD2415446,
CAD2415447,
CAD2415448,
CAD2415449,
CAD2415450,
CAD2415451,
CAD2415452,
CAD2415453,
CAD2415454,
CAD2415455,
CAD2415456,
CAD2415457,
CAD2415458,
CAD2415459,
CAD2415460,
CAD2415461,
CAD2415462,
CAD2415463,
CAD2415464,
CAD2415465,
CAD2415466,
CAD2415467,
CAD2415468,
CAD2415469,
CAD2415470,
CAD2415471,
CAD2415472,
CAD2415473,
CAD2415474,
CAD2415475,
CAD2415476,
CAD2415477,
CAD2415478,
CAD2415479,
CAD2415480,
CAD2415481,
CAD2415482,
CAD2415483,
CAD2415484,
CAD2415485,
CAD2415486,
CAD2415487,
CAD2415488,
CAD2415489,
CAD2415490,
CAD2415491,
CAD2415492,
CAD2415493,
CAD2415494,
CAD2415495,
CAD2415496,
CAD2415497,
CAD2415498,
CAD2415499,
CAD2415500,
CAD2415501,
CAD2415502,
CAD2415503,
CAD2415504,
CAD2415505,
CAD2415506,
CAD2415507,
CAD2415508,
CAD2415509,
CAD2415510,
CAD2415511,
CAD2415512,
CAD2415513,
CAD2415514,
CAD2415515,
CAD2415516,
CAD2415517,
CAD2415518,
CAD2415519,
CAD2415520,
CAD2415521,
CAD2415522,
CAD2415523,
CAD2415524,
CAD2415525,
CAD2415526,
CAD2415527,
CAD2415528,
CAD2415529,
CAD2415530,
CAD2415531,
CAD2415532,
CAD2415533,
CAD2415534,
CAD2415535,
CAD2415536,
CAD2415537,
CAD2415538,
CAD2415539,
CAD2415540,
CAD2415541,
CAD2415542,
CAD2415543,
CAD2415544,
CAD2415545,
CAD2415546,
CAD2415547,
CAD2415548,
CAD2415549,
CAD2415550,
CAD2415551,
CAD2415552,
CAD2415553,
CAD2415554,
CAD2415555,
CAD2415556,
CAD2415557,
CAD2415558,
CAD2415559,
CAD2415560,
CAD2415561,
CAD2415562,
CAD2415563,
CAD2415564,
CAD2415565,
CAD2415566,
CAD2415567,
CAD2415568,
CAD2415569,
CAD2415570,
CAD2415571,
CAD2415572,
CAD2415573,
CAD2415574,
CAD2415575,
CAD2415576,
CAD2415577,
CAD2415578,
CAD2415579,
CAD2415580,
CAD2415581,
CAD2415582,
CAD2415583,
CAD2415584,
CAD2415585,
CAD2415586,
CAD2415587,
CAD2415588,
CAD2415589,
CAD2415590,
CAD2415591,
CAD2415592,
CAD2415593,
CAD2415594,
CAD2415595,
CAD2415596,
CAD2415597,
CAD2415598,
CAD2415599,
CAD2415600,
CAD2415601,
CAD2415602,
CAD2415603,
CAD2415604,
CAD2415605,
CAD2415606,
CAD2415607,
CAD2415608,
CAD2415609,
CAD2415610,
CAD2415611,
CAD2415612,
CAD2415613,
CAD2415614,
CAD2415615,
CAD2415616,
CAD2415617,
CAD2415618,
CAD2415619,
CAD2415620,
CAD2415621,
CAD2415622,
CAD2415623,
CAD2415624,
CAD2415625,
CAD2415626,
CAD2415627,
CAD2415628,
CAD2415629,
CAD2415630,
CAD2415631,
CAD2415632,
CAD2415633,
CAD2415634,
CAD2415635,
CAD2415636,
CAD2415637,
CAD2415638,
CAD2415639,
CAD2415640,
CAD2415641,
CAD2415642,
CAD2415643,
CAD2415644,
CAD2415645,
CAD2415646,
CAD2415647,
CAD2415648,
CAD2415649,
CAD2415650,
CAD2415651,
CAD2415652,
CAD2415653,
CAD2415654,
CAD2415655,
CAD2415656,
CAD2415657,
CAD2415658,
CAD2415659,
CAD2415660,
CAD2415661,
CAD2415662,
CAD2415663,
CAD2415664,
CAD2415665,
CAD2415666,
CAD2415667,
CAD2415668,
CAD2415669,
CAD2415670,
CAD2415671,
CAD2415672,
CAD2415673,
CAD2415674,
CAD2415675,
CAD2415676,
CAD2415677,
CAD2415678,
CAD2415679,
CAD2415680,
CAD2415681,
CAD2415682,
CAD2415683,
CAD2415684,
CAD2415685,
CAD2415686,
CAD2415687,
CAD2415688,
CAD2415689,
CAD2415690,
CAD2415691,
CAD2415692,
CAD2415693,
CAD2415694,
CAD2415695,
CAD2415696,
CAD2415697,
CAD2415698,
CAD2415699,
CAD2415700,
CAD2415701,
CAD2415702,
CAD2415703,
CAD2415704,
CAD2415705,
CAD2415706,
CAD2415707,
CAD2415708,
CAD2415709,
CAD2415710,
CAD2415711,
CAD2415712,
CAD2415713,
CAD2415714,
CAD2415715,
CAD2415716,
CAD2415717,
CAD2415718,
CAD2415719,
CAD2415720,
CAD2415721,
CAD2415722,
CAD2415723,
CAD2415724,
CAD2415725,
CAD2415726,
CAD2415727,
CAD2415728,
CAD2415729,
CAD2415730,
CAD2415731,
CAD2415732,
CAD2415733,
CAD2415734,
CAD2415735,
CAD2415736,
CAD2415737,
CAD2415738,
CAD2415739,
CAD2415740,
CAD2415741,
CAD2415742,
CAD2415743,
CAD2415744,
CAD2415745,
CAD2415746,
CAD2415747,
CAD2415748,
CAD2415749,
CAD2415750,
CAD2415751,
CAD2415752,
CAD2415753,
CAD2415754,
CAD2415755,
CAD2415756,
CAD2415757,
CAD2415758,
CAD2415759,
CAD2415760,
CAD2415761,
CAD2415762,
CAD2415763,
CAD2415764,
CAD2415765,
CAD2415766,
CAD2415767,
CAD2415768,
CAD2415769,
CAD2415770,
CAD2415771,
CAD2415772,
CAD2415773,
CAD2415774,
CAD2415775,
CAD2415776,
CAD2415777,
CAD2415778,
CAD2415779,
CAD2415780,
CAD2415781,
CAD2415782,
CAD2415783,
CAD2415784,
CAD2415785,
CAD2415786,
CAD2415787,
CAD2415788,
CAD2415789,
CAD2415790,
CAD2415791,
CAD2415792,
CAD2415793,
CAD2415794,
CAD2415795,
CAD2415796,
CAD2415797,
CAD2415798,
CAD2415799,
CAD2415800,
CAD2415801,
CAD2415802,
CAD2415803,
CAD2415804,
CAD2415805,
CAD2415806,
CAD2415807,
CAD2415808,
CAD2415809,
CAD2415810,
CAD2415811,
CAD2415812,
CAD2415813,
CAD2415814,
CAD2415815,
CAD2415816,
CAD2415817,
CAD2415818,
CAD2415819,
CAD2415820,
CAD2415821,
CAD2415822,
CAD2415823,
CAD2415824,
CAD2415825,
CAD2415826,
CAD2415827,
CAD2415828,
CAD2415829,
CAD2415830,
CAD2415831,
CAD2415832,
CAD2415833,
CAD2415834,
CAD2415835,
CAD2415836,
CAD2415837,
CAD2415838,
CAD2415839,
CAD2415840,
CAD2415841,
CAD2415842,
CAD2415843,
CAD2415844,
CAD2415845,
CAD2415846,
CAD2415847,
CAD2415848,
CAD2415849,
CAD2415850,
CAD2415851,
CAD2415852,
CAD2415853,
CAD2415854,
CAD2415855,
CAD2415856,
CAD2415857,
CAD2415858,
CAD2415859,
CAD2415860,
CAD2415861,
CAD2415862,
CAD2415863,
CAD2415864,
CAD2415865,
CAD2415866,
CAD2415867,
CAD2415868,
CAD2415869,
CAD2415870,
CAD2415871,
CAD2415872,
CAD2415873,
CAD2415874,
CAD2415875,
CAD2415876,
CAD2415877,
CAD2415878,
CAD2415879,
CAD2415880,
CAD2415881,
CAD2415882,
CAD2415883,
CAD2415884,
CAD2415885,
CAD2415886,
CAD2415887,
CAD2415888,
CAD2415889,
CAD2415890,
CAD2415891,
CAD2415892,
CAD2415893,
CAD2415894,
CAD2415895,
CAD2415896,
CAD2415897,
CAD2415898,
CAD2415899,
CAD2415900,
CAD2415901,
CAD2415902,
CAD2415903,
CAD2415904,
CAD2415905,
CAD2415906,
CAD2415907,
CAD2415908,
CAD2415909,
CAD2415910,
CAD2415911,
CAD2415912,
CAD2415913,
CAD2415914,
CAD2415915,
CAD2415916,
CAD2415917,
CAD2415918,
CAD2415919,
CAD2415920,
CAD2415921,
CAD2415922,
CAD2415923,
CAD2415924,
CAD2415925,
CAD2415926,
CAD2415927,
CAD2415928,
CAD2415929,
CAD2415930,
CAD2415931,
CAD2415932,
CAD2415933,
CAD2415934,
CAD2415935,
CAD2415936,
CAD2415937,
CAD2415938,
CAD2415939,
CAD2415940,
CAD2415941,
CAD2415942,
CAD2415943,
CAD2415944,
CAD2415945,
CAD2415946,
CAD2415947,
CAD2415948,
CAD2415949,
CAD2415950,
CAD2415951,
CAD2415952,
CAD2415953,
CAD2415954,
CAD2415955,
CAD2415956,
CAD2415957,
CAD2415958,
CAD2415959,
CAD2415960,
CAD2415961,
CAD2415962,
CAD2415963,
CAD2415964,
CAD2415965,
CAD2415966,
CAD2415967,
CAD2415968,
CAD2415969,
CAD2415970,
CAD2415971,
CAD2415972,
CAD2415973,
CAD2415974,
CAD2415975,
CAD2415976,
CAD2415977,
CAD2415978,
CAD2415979,
CAD2415980,
CAD2415981,
CAD2415982,
CAD2415983,
CAD2415984,
CAD2415985,
CAD2415986,
CAD2415987,
CAD2415988,
CAD2415989,
CAD2415990,
CAD2415991,
CAD2415992,
CAD2415993,
CAD2415994,
CAD2415995,
CAD2415996,
CAD2415997,
CAD2415998,
CAD2415999,
CAD2416000,
CAD2416001,
CAD2416002,
CAD2416003,
CAD2416004,
CAD2416005,
CAD2416006,
CAD2416007,
CAD2416008,
CAD2416009,
CAD2416010,
CAD2416011,
CAD2416012,
CAD2416013,
CAD2416014,
CAD2416015,
CAD2416016,
CAD2416017,
CAD2416018,
CAD2416019,
CAD2416020,
CAD2416021,
CAD2416022,
CAD2416023,
CAD2416024,
CAD2416025,
CAD2416026,
CAD2416027,
CAD2416028,
CAD2416029,
CAD2416030,
CAD2416031,
CAD2416032,
CAD2416033,
CAD2416034,
CAD2416035,
CAD2416036,
CAD2416037,
CAD2416038,
CAD2416039,
CAD2416040,
CAD2416041,
CAD2416042,
CAD2416043,
CAD2416044,
CAD2416045,
CAD2416046,
CAD2416047,
CAD2416048,
CAD2416049,
CAD2416050,
CAD2416051,
CAD2416052,
CAD2416053,
CAD2416054,
CAD2416055,
CAD2416056,
CAD2416057,
CAD2416058,
CAD2416059,
CAD2416060,
CAD2416061,
CAD2416062,
CAD2416063,
CAD2416064,
CAD2416065,
CAD2416066,
CAD2416067,
CAD2416068,
CAD2416069,
CAD2416070,
CAD2416071,
CAD2416072,
CAD2416073,
CAD2416074,
CAD2416075,
CAD2416076,
CAD2416077,
CAD2416078,
CAD2416079,
CAD2416080,
CAD2416081,
CAD2416082,
CAD2416083,
CAD2416084,
CAD2416085,
CAD2416086,
CAD2416087,
CAD2416088,
CAD2416089,
CAD2416090,
CAD2416091,
CAD2416092,
CAD2416093,
CAD2416094,
CAD2416095,
CAD2416096,
CAD2416097,
CAD2416098,
CAD2416099,
